trade_id,direction,entry_time_utc,entry_price,exit_time_utc,exit_price,exit_reason,profit_pct,duration
1,LONG,2025-09-02 18:50:00,43.961,2025-09-02 21:30:00,44.68,TP,1.5347228225017657,33 bars
2,LONG,2025-09-02 18:00:00,44.132,2025-09-02 23:50:00,44.918,TP,1.6801300643524006,71 bars
3,LONG,2025-09-05 02:35:00,45.46,2025-09-05 07:10:00,45.998,TP,1.0828662560492668,56 bars
4,LONG,2025-09-05 02:40:00,45.453,2025-09-05 07:10:00,45.99,TP,1.0808494488812597,55 bars
5,LONG,2025-09-07 12:25:00,47.069,2025-09-07 14:40:00,47.484,TP,0.7812434935945083,28 bars
6,LONG,2025-09-07 11:35:00,47.167,2025-09-07 15:40:00,47.591,TP,0.7984841096529341,50 bars
7,LONG,2025-09-08 12:20:00,50.605,2025-09-08 13:05:00,51.489,TP,1.6459895267266087,10 bars
8,LONG,2025-09-08 12:25:00,50.696,2025-09-08 13:05:00,51.575,TP,1.6329976724001993,9 bars
9,LONG,2025-09-08 16:50:00,51.232,2025-09-09 04:15:00,52.309,TP,2.001150648032476,138 bars
10,LONG,2025-09-08 16:55:00,51.239,2025-09-09 04:15:00,52.27,TP,1.9111331212553058,137 bars
11,LONG,2025-09-08 17:00:00,50.998,2025-09-09 04:15:00,52.07,TP,2.000992195772389,136 bars
12,LONG,2025-09-09 18:10:00,52.457,2025-09-09 19:30:00,53.503,TP,1.8930171378462348,17 bars
13,LONG,2025-09-09 18:15:00,52.56,2025-09-09 19:30:00,53.594,TP,1.8662918569254165,16 bars
14,LONG,2025-09-09 18:20:00,52.69,2025-09-09 19:30:00,53.711,TP,1.8367802239514155,15 bars
15,LONG,2025-09-09 18:25:00,52.702,2025-09-09 19:30:00,53.699,TP,1.7908229289211035,14 bars
16,LONG,2025-09-09 23:00:00,53.195,2025-09-10 02:10:00,53.939,TP,1.297928376727136,39 bars
17,LONG,2025-09-09 22:55:00,53.191,2025-09-10 02:15:00,53.96,TP,1.3450104340959903,41 bars
18,LONG,2025-09-10 04:10:00,53.537,2025-09-10 05:25:00,54.479,TP,1.6586510263929624,16 bars
19,LONG,2025-09-10 03:55:00,53.724,2025-09-10 05:30:00,54.681,TP,1.6804361179361194,20 bars
20,LONG,2025-09-10 04:05:00,53.564,2025-09-10 05:30:00,54.524,TP,1.6913524008662548,18 bars
21,LONG,2025-09-10 04:00:00,53.786,2025-09-10 05:35:00,54.736,TP,1.6653757483359903,20 bars
22,LONG,2025-09-10 04:15:00,53.776,2025-09-10 05:35:00,54.734,TP,1.6805731181196042,17 bars
23,LONG,2025-09-10 19:15:00,54.641,2025-09-10 22:05:00,55.54,TP,1.5444620340037716,35 bars
24,LONG,2025-09-11 03:30:00,55.555,2025-09-11 10:05:00,54.52,SL,-1.9620871208712025,80 bars
25,LONG,2025-09-13 02:55:00,55.491,2025-09-13 11:40:00,56.264,TP,1.2923221783712733,106 bars
26,LONG,2025-09-13 03:00:00,55.602,2025-09-13 11:40:00,56.356,TP,1.255388295385067,105 bars
27,LONG,2025-09-13 03:05:00,55.627,2025-09-13 11:40:00,56.375,TP,1.2439984180344033,104 bars
28,LONG,2025-09-15 18:35:00,52.555,2025-09-15 19:40:00,53.328,TP,1.3701046522690579,14 bars
29,LONG,2025-09-15 19:35:00,52.957,2025-09-15 20:05:00,53.757,TP,1.409904261948368,7 bars
30,LONG,2025-09-15 16:45:00,52.878,2025-09-15 23:20:00,53.874,TP,1.7826392828775715,80 bars
31,LONG,2025-09-16 04:00:00,53.259,2025-09-16 05:30:00,53.821,TP,0.9546931035130167,19 bars
32,LONG,2025-09-16 03:55:00,53.295,2025-09-16 05:35:00,53.863,TP,0.9652331363167236,21 bars
33,LONG,2025-09-16 03:10:00,53.249,2025-09-16 06:00:00,53.9,TP,1.1219468910214203,35 bars
34,LONG,2025-09-16 03:30:00,53.33,2025-09-16 06:00:00,53.924,TP,1.0132627039189972,31 bars
35,LONG,2025-09-16 03:35:00,53.433,2025-09-16 11:00:00,52.641,SL,-1.5814889674920025,90 bars
36,LONG,2025-09-16 03:40:00,53.45,2025-09-16 11:00:00,52.67,SL,-1.5585781103835379,89 bars
37,LONG,2025-09-16 03:45:00,53.482,2025-09-16 11:00:00,52.718,SL,-1.527803747055076,88 bars
38,LONG,2025-09-16 03:50:00,53.404,2025-09-16 11:00:00,52.644,SL,-1.5224028162684538,87 bars
39,LONG,2025-09-16 08:55:00,53.379,2025-09-16 11:00:00,52.556,SL,-1.6410339271998358,26 bars
40,LONG,2025-09-16 02:50:00,53.428,2025-09-16 11:05:00,52.541,SL,-1.759348094632029,100 bars
41,LONG,2025-09-16 02:55:00,53.311,2025-09-16 11:10:00,52.426,SL,-1.7592401192999534,100 bars
42,LONG,2025-09-16 03:00:00,53.334,2025-09-16 11:10:00,52.46,SL,-1.7379101511231152,99 bars
43,LONG,2025-09-16 03:05:00,53.323,2025-09-16 11:10:00,52.438,SL,-1.7588667179265944,98 bars
44,LONG,2025-09-16 09:40:00,53.287,2025-09-16 11:10:00,52.491,SL,-1.593050837915438,19 bars
45,LONG,2025-09-17 09:30:00,54.832,2025-09-17 11:45:00,55.535,TP,1.1814569959147867,28 bars
46,LONG,2025-09-17 09:50:00,54.872,2025-09-17 15:25:00,55.57,TP,1.1714152937746034,68 bars
47,LONG,2025-09-17 16:25:00,54.47,2025-09-17 17:20:00,55.266,TP,1.3606241968055799,12 bars
48,LONG,2025-09-17 16:00:00,54.629,2025-09-17 17:25:00,55.439,TP,1.3819875890095046,18 bars
49,LONG,2025-09-17 16:05:00,54.567,2025-09-17 17:25:00,55.378,TP,1.3855031429252112,17 bars
50,LONG,2025-09-17 16:10:00,54.529,2025-09-17 17:25:00,55.329,TP,1.3663756899998114,16 bars
51,LONG,2025-09-17 16:30:00,54.591,2025-09-17 17:25:00,55.369,TP,1.3244307669762392,12 bars
52,LONG,2025-09-17 16:35:00,54.586,2025-09-17 17:25:00,55.343,TP,1.2861090755871563,11 bars
53,LONG,2025-09-17 09:25:00,54.879,2025-09-17 17:30:00,55.588,TP,1.1912871954663955,98 bars
54,LONG,2025-09-17 10:00:00,54.901,2025-09-17 17:30:00,55.583,TP,1.1416149068322892,91 bars
55,LONG,2025-09-17 09:35:00,54.928,2025-09-17 17:35:00,55.633,TP,1.1828566487037677,97 bars
56,LONG,2025-09-17 09:45:00,54.949,2025-09-17 17:35:00,55.633,TP,1.1441682287211863,95 bars
57,LONG,2025-09-17 09:40:00,54.971,2025-09-17 17:40:00,55.668,TP,1.1673073074894087,97 bars
58,LONG,2025-09-17 09:55:00,54.949,2025-09-17 17:40:00,55.657,TP,1.187823254290339,94 bars
59,LONG,2025-09-18 02:55:00,58.889,2025-09-19 03:35:00,57.289,SL,-2.815617517702799,297 bars
60,LONG,2025-09-18 02:50:00,58.753,2025-09-19 03:45:00,57.105,SL,-2.9035606692424274,300 bars
61,LONG,2025-09-18 02:45:00,58.715,2025-09-19 04:10:00,57.026,SL,-2.9751690368730306,306 bars
62,LONG,2025-09-18 02:40:00,58.617,2025-09-19 05:30:00,56.874,SL,-3.07205332923895,323 bars
63,LONG,2025-09-21 15:10:00,52.529,2025-09-21 16:30:00,51.574,SL,-1.9171343448381,17 bars
64,LONG,2025-09-21 15:15:00,52.445,2025-09-21 16:35:00,51.504,SL,-1.893363523691491,17 bars
65,LONG,2025-09-25 17:20:00,41.554,2025-09-25 18:50:00,43.06,TP,3.5223877364393323,19 bars
66,LONG,2025-09-25 17:30:00,41.445,2025-09-25 18:50:00,42.976,TP,3.592205332368196,17 bars
67,LONG,2025-09-25 17:35:00,41.526,2025-09-25 18:50:00,43.022,TP,3.5007609690314383,16 bars
68,LONG,2025-09-25 17:40:00,41.952,2025-09-25 23:35:00,39.829,SL,-5.15801511250953,72 bars
69,LONG,2025-09-26 22:00:00,44.34,2025-09-27 00:50:00,45.259,TP,1.9715843482183057,35 bars
70,LONG,2025-09-26 22:05:00,44.251,2025-09-27 00:50:00,45.154,TP,1.93961153420263,34 bars
71,LONG,2025-09-26 22:10:00,44.307,2025-09-27 00:50:00,45.191,TP,1.89417247838942,33 bars
72,LONG,2025-09-26 21:45:00,44.457,2025-09-27 00:55:00,45.449,TP,2.1302539532581983,39 bars
73,LONG,2025-09-26 21:50:00,44.459,2025-09-27 00:55:00,45.406,TP,2.0289873816325055,38 bars
74,LONG,2025-09-26 21:55:00,44.384,2025-09-27 00:55:00,45.335,TP,2.0415926910598423,37 bars
75,LONG,2025-09-26 22:15:00,44.559,2025-09-27 01:00:00,45.472,TP,1.9479442985704434,34 bars
76,LONG,2025-09-26 21:25:00,44.627,2025-09-27 09:20:00,43.269,SL,-3.1414793734734667,144 bars
77,LONG,2025-09-26 21:20:00,44.487,2025-09-27 09:25:00,43.112,SL,-3.1892451727470945,146 bars
78,LONG,2025-09-26 21:30:00,44.527,2025-09-27 09:25:00,43.163,SL,-3.161778246906381,144 bars
79,LONG,2025-09-26 21:35:00,44.474,2025-09-27 09:25:00,43.097,SL,-3.194642937446588,143 bars
80,LONG,2025-09-26 21:40:00,44.562,2025-09-27 09:25:00,43.187,SL,-3.1840458237960596,142 bars
81,LONG,2025-09-29 06:15:00,46.805,2025-09-29 07:40:00,47.596,TP,1.5891453904497315,18 bars
82,LONG,2025-09-29 06:25:00,46.828,2025-09-29 07:40:00,47.599,TP,1.5456276159562519,16 bars
83,LONG,2025-09-29 06:20:00,46.831,2025-09-29 07:45:00,47.619,TP,1.5818047874271244,18 bars
84,LONG,2025-09-29 06:30:00,46.89,2025-09-29 07:45:00,47.654,TP,1.5285306035402066,16 bars
85,LONG,2025-09-29 05:20:00,46.822,2025-09-29 07:50:00,47.799,TP,1.9855826320960164,31 bars
86,LONG,2025-09-29 05:45:00,47.01,2025-09-29 07:50:00,47.874,TP,1.736987874920239,26 bars
87,LONG,2025-09-29 05:50:00,47.075,2025-09-29 07:50:00,47.906,TP,1.664385554965472,25 bars
88,LONG,2025-09-29 05:55:00,47.072,2025-09-29 07:50:00,47.894,TP,1.645387916383403,24 bars
89,LONG,2025-09-29 06:00:00,46.98,2025-09-29 07:50:00,47.777,TP,1.5956183482332995,23 bars
90,LONG,2025-09-29 06:40:00,47.068,2025-09-29 07:50:00,47.824,TP,1.5053837001784658,15 bars
91,LONG,2025-09-29 06:45:00,47.02,2025-09-29 07:50:00,47.755,TP,1.46238302849851,14 bars
92,LONG,2025-10-01 03:45:00,45.1,2025-10-01 08:05:00,45.908,TP,1.6906784922394673,53 bars
93,LONG,2025-10-01 03:40:00,45.191,2025-10-01 08:25:00,46.017,TP,1.726883671527517,58 bars
94,LONG,2025-10-01 05:05:00,45.079,2025-10-01 08:25:00,45.971,TP,1.8777590452316952,41 bars
95,LONG,2025-10-01 04:50:00,45.156,2025-10-01 08:30:00,46.025,TP,1.8234775002214543,45 bars
96,LONG,2025-10-01 05:10:00,45.202,2025-10-01 08:30:00,46.089,TP,1.8613214017078903,41 bars
97,LONG,2025-10-01 05:15:00,45.23,2025-10-01 08:30:00,46.104,TP,1.8313796152995852,40 bars
98,LONG,2025-10-01 15:45:00,47.548,2025-10-02 01:40:00,48.604,TP,2.1198031462942653,120 bars
99,LONG,2025-10-02 07:45:00,48.695,2025-10-02 11:20:00,49.659,TP,1.8786795358866384,44 bars
100,LONG,2025-10-02 16:55:00,49.311,2025-10-02 18:30:00,50.411,TP,2.1296242217760772,20 bars
101,LONG,2025-10-03 01:05:00,50.638,2025-10-03 07:05:00,49.453,SL,-2.438969746040513,73 bars
102,LONG,2025-10-03 01:00:00,50.497,2025-10-03 07:15:00,49.336,SL,-2.3979969107075694,76 bars
103,LONG,2025-10-03 00:55:00,50.416,2025-10-03 08:10:00,49.261,SL,-2.389793914630265,88 bars
104,LONG,2025-10-06 21:15:00,49.015,2025-10-06 23:10:00,47.922,SL,-2.3288146485769734,24 bars
105,LONG,2025-10-08 00:45:00,45.202,2025-10-08 02:20:00,45.997,TP,1.657892349896026,20 bars
106,LONG,2025-10-08 21:00:00,46.348,2025-10-09 01:10:00,45.515,SL,-1.8963741693276914,51 bars
107,LONG,2025-10-08 21:05:00,46.423,2025-10-09 01:10:00,45.588,SL,-1.8977780410572365,50 bars
108,LONG,2025-10-10 03:10:00,43.996,2025-10-10 03:45:00,44.559,TP,1.1790219565414932,8 bars
109,LONG,2025-10-10 03:25:00,44.179,2025-10-10 05:30:00,43.451,SL,-1.7470178138934822,26 bars
110,LONG,2025-10-10 03:15:00,44.05,2025-10-10 09:25:00,44.601,TP,1.1502258796821838,75 bars
111,LONG,2025-10-10 08:05:00,43.819,2025-10-10 09:25:00,44.633,TP,1.7567128414614663,17 bars
112,LONG,2025-10-10 08:10:00,43.834,2025-10-10 09:25:00,44.638,TP,1.7332755395355084,16 bars
113,LONG,2025-10-11 18:55:00,37.935,2025-10-11 19:15:00,36.719,SL,-3.3038803216027444,5 bars
114,LONG,2025-10-12 22:30:00,39.965,2025-10-13 05:40:00,38.329,SL,-4.191535093206563,87 bars
115,LONG,2025-10-12 22:35:00,40.105,2025-10-13 05:40:00,38.41,SL,-4.324292482234136,86 bars
116,LONG,2025-10-12 23:50:00,39.821,2025-10-13 05:45:00,38.212,SL,-4.138561311870608,72 bars
117,LONG,2025-10-13 02:55:00,39.754,2025-10-13 05:45:00,38.21,SL,-3.9819439553252436,35 bars
118,LONG,2025-10-13 00:00:00,39.62,2025-10-13 06:35:00,40.774,TP,2.8112140333165163,80 bars
119,LONG,2025-10-12 23:20:00,39.525,2025-10-13 06:40:00,40.834,TP,3.2101720430107643,89 bars
120,LONG,2025-10-12 23:40:00,39.632,2025-10-13 06:40:00,40.863,TP,3.0045228603149012,85 bars
121,LONG,2025-10-12 23:55:00,39.712,2025-10-13 06:40:00,40.885,TP,2.8522902397260137,82 bars
122,LONG,2025-10-13 00:15:00,39.643,2025-10-13 06:40:00,40.799,TP,2.8145675150720146,78 bars
123,LONG,2025-10-12 23:30:00,39.743,2025-10-13 06:45:00,41.017,TP,3.103993156027479,88 bars
124,LONG,2025-10-12 23:35:00,39.805,2025-10-13 06:45:00,41.042,TP,3.0060959678432404,87 bars
125,LONG,2025-10-12 23:25:00,39.812,2025-10-13 06:50:00,41.125,TP,3.1963516025319056,90 bars
126,LONG,2025-10-15 20:20:00,38.782,2025-10-15 21:55:00,37.527,SL,-3.334419318240409,20 bars
127,LONG,2025-10-15 20:00:00,38.707,2025-10-15 22:10:00,37.414,SL,-3.4388108094143157,27 bars
128,LONG,2025-10-15 20:05:00,38.727,2025-10-15 22:10:00,37.409,SL,-3.5016086967748548,26 bars
129,LONG,2025-10-15 20:10:00,38.776,2025-10-15 22:10:00,37.471,SL,-3.463801062512912,25 bars
130,LONG,2025-10-15 20:25:00,38.73,2025-10-15 22:10:00,37.492,SL,-3.294890265943712,22 bars
131,LONG,2025-10-17 11:00:00,34.413,2025-10-17 13:35:00,35.885,TP,4.175314561357631,32 bars
132,LONG,2025-10-17 11:10:00,34.532,2025-10-17 13:35:00,35.985,TP,4.105587570948694,30 bars
133,LONG,2025-10-17 11:05:00,34.572,2025-10-17 22:00:00,36.034,TP,4.126741293532327,132 bars
134,LONG,2025-10-17 20:15:00,35.075,2025-10-17 22:05:00,36.091,TP,2.7952017106200944,23 bars
135,LONG,2025-10-18 03:25:00,35.172,2025-10-18 08:15:00,35.83,TP,1.7698709200500433,59 bars
136,LONG,2025-10-18 03:35:00,35.339,2025-10-18 08:15:00,35.982,TP,1.7186097512663083,57 bars
137,LONG,2025-10-18 03:40:00,35.225,2025-10-18 08:15:00,35.884,TP,1.7698949609652206,56 bars
138,LONG,2025-10-18 03:45:00,35.181,2025-10-18 08:15:00,35.824,TP,1.7267772377135406,55 bars
139,LONG,2025-10-18 03:50:00,35.259,2025-10-18 08:15:00,35.888,TP,1.6830497178025408,54 bars
140,LONG,2025-10-18 03:55:00,35.202,2025-10-18 08:15:00,35.822,TP,1.6603829327879227,53 bars
141,LONG,2025-10-18 04:00:00,35.197,2025-10-18 08:15:00,35.807,TP,1.6322357019064104,52 bars
142,LONG,2025-10-20 11:40:00,38.113,2025-10-20 12:25:00,38.845,TP,1.8196442158843422,10 bars
143,LONG,2025-10-20 11:05:00,38.176,2025-10-20 13:00:00,38.995,TP,2.0442542435037603,24 bars
144,LONG,2025-10-20 11:10:00,38.175,2025-10-20 13:00:00,38.983,TP,2.0155101506221347,23 bars
145,LONG,2025-10-20 11:45:00,38.2,2025-10-20 13:00:00,38.916,TP,1.773408376963335,16 bars
146,LONG,2025-10-20 19:50:00,38.006,2025-10-21 04:05:00,36.804,SL,-3.2610771983371,100 bars
147,LONG,2025-10-20 19:45:00,37.954,2025-10-21 04:10:00,36.705,SL,-3.3891803235495663,102 bars
148,LONG,2025-10-20 20:00:00,37.963,2025-10-21 04:10:00,36.798,SL,-3.1672431051286756,99 bars
149,LONG,2025-10-20 19:40:00,37.893,2025-10-21 04:35:00,36.593,SL,-3.5289974401604445,108 bars
150,LONG,2025-10-21 11:35:00,35.828,2025-10-21 12:20:00,36.482,TP,1.7244752707379598,10 bars
151,LONG,2025-10-21 11:40:00,35.763,2025-10-21 12:20:00,36.409,TP,1.7054329894024576,9 bars
152,LONG,2025-10-22 04:00:00,35.223,2025-10-22 11:35:00,35.951,TP,1.9657979161343486,92 bars
153,LONG,2025-10-22 04:15:00,35.231,2025-10-22 11:35:00,35.974,TP,2.0078836819846018,89 bars
154,LONG,2025-10-22 04:10:00,35.306,2025-10-22 11:40:00,36.053,TP,2.014729790970373,91 bars
155,LONG,2025-10-22 18:40:00,35.727,2025-10-22 19:05:00,36.715,TP,2.66403280432168,6 bars
156,LONG,2025-10-22 18:45:00,35.68,2025-10-22 19:05:00,36.659,TP,2.6424621636771275,5 bars
157,LONG,2025-10-22 18:50:00,35.753,2025-10-22 19:05:00,36.705,TP,2.5613822616283892,4 bars
158,LONG,2025-10-22 18:55:00,35.835,2025-10-22 19:05:00,36.788,TP,2.558081484582101,3 bars
159,LONG,2025-10-22 19:00:00,35.878,2025-10-22 23:35:00,36.8,TP,2.4685350353977284,56 bars
160,LONG,2025-10-25 16:15:00,40.929,2025-10-25 17:10:00,41.561,TP,1.443365339978983,12 bars
161,LONG,2025-10-25 16:25:00,40.987,2025-10-25 17:40:00,41.596,TP,1.3850940542122983,16 bars
162,LONG,2025-10-25 16:30:00,40.992,2025-10-25 17:40:00,41.595,TP,1.37028322599532,15 bars
163,LONG,2025-10-25 16:20:00,41.012,2025-10-25 17:45:00,41.632,TP,1.4109967814298192,18 bars
164,LONG,2025-10-26 17:10:00,47.092,2025-10-26 22:00:00,48.031,TP,1.8929722670517286,59 bars
165,LONG,2025-10-26 20:00:00,47.348,2025-10-26 22:00:00,48.009,TP,1.2953482723663121,25 bars
166,LONG,2025-10-26 20:05:00,47.225,2025-10-26 22:00:00,47.892,TP,1.3116813128639526,24 bars
167,LONG,2025-10-27 03:50:00,47.83,2025-10-27 04:35:00,48.786,TP,1.897746184403101,10 bars
168,LONG,2025-10-27 03:55:00,47.875,2025-10-27 04:35:00,48.804,TP,1.8394997389033985,9 bars
169,LONG,2025-10-27 15:15:00,47.007,2025-10-27 21:30:00,48.044,TP,2.1049513902184764,76 bars
170,LONG,2025-10-29 04:20:00,47.739,2025-10-29 05:20:00,48.54,TP,1.5770345000942665,13 bars
171,LONG,2025-10-29 04:10:00,47.914,2025-10-29 05:25:00,48.736,TP,1.6147159494093493,16 bars
172,LONG,2025-10-29 04:15:00,47.876,2025-10-29 05:25:00,48.679,TP,1.5764109365861902,15 bars
173,LONG,2025-10-29 04:25:00,47.822,2025-10-29 05:25:00,48.62,TP,1.5678537074986298,13 bars
174,LONG,2025-10-29 04:30:00,47.83,2025-10-29 05:25:00,48.615,TP,1.5404087392849755,12 bars
175,LONG,2025-10-29 04:35:00,48.001,2025-10-29 05:25:00,48.834,TP,1.63451282264954,11 bars
176,LONG,2025-10-29 04:40:00,47.872,2025-10-29 05:25:00,48.704,TP,1.6370989304812849,10 bars
177,LONG,2025-10-29 04:45:00,48.057,2025-10-29 11:45:00,48.918,TP,1.6907266371184153,85 bars
178,LONG,2025-10-31 21:35:00,43.633,2025-11-02 05:30:00,43.117,TIME,-1.2819998624894124,384 bars
179,LONG,2025-11-03 11:00:00,40.364,2025-11-03 11:15:00,41.415,TP,2.5025034684372263,4 bars
180,LONG,2025-11-03 10:50:00,40.474,2025-11-03 11:25:00,41.497,TP,2.426284775411383,8 bars
181,LONG,2025-11-03 10:30:00,40.594,2025-11-03 12:00:00,41.663,TP,2.5320774006010627,19 bars
182,LONG,2025-11-03 10:45:00,40.506,2025-11-03 12:00:00,41.539,TP,2.4489643509603547,16 bars
183,LONG,2025-11-03 11:05:00,40.802,2025-11-03 15:30:00,39.265,SL,-3.865088721141118,54 bars
184,LONG,2025-11-04 10:10:00,37.575,2025-11-04 14:45:00,38.875,TP,3.358017298735854,56 bars
185,LONG,2025-11-04 10:15:00,37.658,2025-11-04 14:50:00,38.914,TP,3.233613043709173,56 bars
186,LONG,2025-11-04 10:20:00,37.677,2025-11-04 14:50:00,38.933,TP,3.2319319478727078,55 bars
187,LONG,2025-11-04 10:45:00,37.795,2025-11-04 14:50:00,39.025,TP,3.152771530625736,50 bars
188,LONG,2025-11-04 10:50:00,37.845,2025-11-04 14:50:00,39.05,TP,3.082448143744215,49 bars
189,LONG,2025-11-06 23:25:00,38.47,2025-11-07 01:00:00,39.484,TP,2.5345022095139145,20 bars
190,LONG,2025-11-06 23:40:00,38.497,2025-11-07 01:00:00,39.486,TP,2.4677468374158953,17 bars
191,LONG,2025-11-06 20:55:00,38.395,2025-11-07 05:50:00,39.513,TP,2.8103815600989583,108 bars
192,LONG,2025-11-06 21:05:00,38.487,2025-11-07 05:50:00,39.619,TP,2.8397822641411326,106 bars
193,LONG,2025-11-06 23:30:00,38.551,2025-11-07 05:50:00,39.55,TP,2.490076781406436,77 bars
194,LONG,2025-11-06 23:35:00,38.521,2025-11-07 05:50:00,39.524,TP,2.5024726772409855,76 bars
195,LONG,2025-11-06 21:15:00,38.485,2025-11-07 05:55:00,39.628,TP,2.8685033129790845,105 bars
196,LONG,2025-11-06 23:15:00,38.635,2025-11-07 05:55:00,39.657,TP,2.543947198136401,81 bars
197,LONG,2025-11-06 21:30:00,38.559,2025-11-07 06:10:00,39.7,TP,2.857622085635015,105 bars
198,LONG,2025-11-06 21:00:00,38.66,2025-11-07 07:45:00,39.795,TP,2.834383083290236,130 bars
199,LONG,2025-11-06 21:10:00,38.629,2025-11-07 07:45:00,39.785,TP,2.891074063527399,128 bars
200,LONG,2025-11-06 21:35:00,38.734,2025-11-07 07:45:00,39.893,TP,2.8907071306862155,123 bars
201,LONG,2025-11-07 23:30:00,42.289,2025-11-08 02:40:00,43.221,TP,2.102780865000343,39 bars
202,LONG,2025-11-08 04:50:00,42.475,2025-11-08 05:35:00,41.382,SL,-2.6719917598587486,10 bars
203,LONG,2025-11-08 04:40:00,42.469,2025-11-08 05:40:00,41.324,SL,-2.7947361604935437,13 bars
204,LONG,2025-11-08 04:45:00,42.464,2025-11-08 05:40:00,41.338,SL,-2.750332045968344,12 bars
205,LONG,2025-11-08 04:55:00,42.341,2025-11-08 05:45:00,41.253,SL,-2.6683285704163833,11 bars
206,LONG,2025-11-07 23:35:00,42.407,2025-11-08 05:50:00,41.17,SL,-3.0155127691182937,76 bars
207,LONG,2025-11-08 04:25:00,42.444,2025-11-08 05:50:00,41.237,SL,-2.942325181415514,18 bars
208,LONG,2025-11-08 04:30:00,42.395,2025-11-08 05:50:00,41.218,SL,-2.8748826512560437,17 bars
209,LONG,2025-11-09 22:00:00,41.967,2025-11-10 00:50:00,42.717,TP,1.6862248909857749,35 bars
210,LONG,2025-11-09 22:05:00,41.895,2025-11-10 00:50:00,42.649,TP,1.69883757011576,34 bars
211,LONG,2025-11-09 22:10:00,41.819,2025-11-10 00:50:00,42.568,TP,1.6901563882445663,33 bars
212,LONG,2025-11-09 22:15:00,41.944,2025-11-10 00:50:00,42.684,TP,1.6633749761586751,32 bars
213,LONG,2025-11-09 22:20:00,42.024,2025-11-10 00:50:00,42.758,TP,1.6457476679992429,31 bars
214,LONG,2025-11-09 22:25:00,42.01,2025-11-10 00:50:00,42.737,TP,1.629675077362542,30 bars
215,LONG,2025-11-09 22:30:00,41.903,2025-11-10 00:50:00,42.633,TP,1.6412476433668328,29 bars
216,LONG,2025-11-09 22:35:00,42.032,2025-11-10 00:50:00,42.767,TP,1.6477933479254057,28 bars
217,LONG,2025-11-10 00:00:00,41.813,2025-11-10 00:50:00,42.59,TP,1.7573446057446274,11 bars
218,LONG,2025-11-09 22:40:00,42.086,2025-11-10 03:00:00,42.812,TP,1.624176685833767,53 bars
219,LONG,2025-11-09 22:45:00,42.175,2025-11-10 03:05:00,42.891,TP,1.5968393598103168,53 bars
220,LONG,2025-11-10 01:40:00,41.796,2025-11-10 03:05:00,42.951,TP,2.662040625897218,18 bars
221,LONG,2025-11-10 01:50:00,42.091,2025-11-10 07:50:00,43.22,TP,2.580942481765693,73 bars
222,LONG,2025-11-10 01:55:00,42.014,2025-11-10 07:50:00,43.112,TP,2.5121078688056335,72 bars
223,LONG,2025-11-10 02:00:00,42.143,2025-11-10 07:50:00,43.221,TP,2.456678451937441,71 bars
224,LONG,2025-11-10 02:05:00,42.097,2025-11-10 07:50:00,43.158,TP,2.419109437727154,70 bars
225,LONG,2025-11-10 02:50:00,42.354,2025-11-10 15:50:00,41.063,SL,-3.1465941823676546,157 bars
226,LONG,2025-11-10 02:15:00,42.351,2025-11-10 16:05:00,40.929,SL,-3.4559750655238286,167 bars
227,LONG,2025-11-10 02:25:00,42.348,2025-11-10 16:05:00,40.958,SL,-3.3806862189477678,165 bars
228,LONG,2025-11-10 02:10:00,42.352,2025-11-10 16:40:00,40.891,SL,-3.547935162448051,175 bars
229,LONG,2025-11-11 13:10:00,40.149,2025-11-11 18:40:00,39.168,SL,-2.5421766420085223,67 bars
230,LONG,2025-11-11 13:50:00,40.249,2025-11-11 18:40:00,39.321,SL,-2.404494521603032,59 bars
231,LONG,2025-11-11 13:55:00,40.191,2025-11-11 18:40:00,39.277,SL,-2.3730039063471957,58 bars
232,LONG,2025-11-11 14:30:00,40.175,2025-11-11 18:40:00,39.241,SL,-2.4236664592408155,51 bars
233,LONG,2025-11-11 14:40:00,40.24,2025-11-11 18:40:00,39.295,SL,-2.4472353379721676,49 bars
234,LONG,2025-11-11 14:45:00,40.081,2025-11-11 18:40:00,39.124,SL,-2.4864711459294946,48 bars
235,LONG,2025-11-11 17:30:00,39.816,2025-11-11 21:40:00,38.659,SL,-3.0044140546514053,51 bars
236,LONG,2025-11-14 10:25:00,37.271,2025-11-14 12:35:00,36.161,SL,-3.076697700625149,27 bars
237,LONG,2025-11-14 10:15:00,37.182,2025-11-14 12:40:00,36.024,SL,-3.212852993383899,30 bars
238,LONG,2025-11-15 05:40:00,38.515,2025-11-15 07:20:00,39.097,TP,1.4103440218096865,21 bars
239,LONG,2025-11-15 05:45:00,38.568,2025-11-15 07:50:00,39.143,TP,1.3901278261771493,26 bars
240,LONG,2025-11-16 01:15:00,38.468,2025-11-16 06:00:00,39.04,TP,1.3862067172714867,58 bars
241,LONG,2025-11-17 05:45:00,38.323,2025-11-17 10:05:00,38.883,TP,1.360532839287118,53 bars
242,LONG,2025-11-17 05:50:00,38.384,2025-11-17 10:05:00,38.93,TP,1.3217564610254255,52 bars
243,LONG,2025-11-17 06:10:00,38.331,2025-11-17 10:05:00,38.889,TP,1.3550129138295368,48 bars
244,LONG,2025-11-17 06:25:00,38.358,2025-11-17 10:05:00,38.928,TP,1.3852573126857508,45 bars
245,LONG,2025-11-17 05:55:00,38.426,2025-11-17 11:15:00,38.963,TP,1.296792536303542,65 bars
246,LONG,2025-11-17 06:20:00,38.403,2025-11-17 11:20:00,38.981,TP,1.4043382027445848,61 bars
247,LONG,2025-11-17 18:05:00,37.746,2025-11-17 21:00:00,38.735,TP,2.518835108355845,36 bars
248,LONG,2025-11-17 18:10:00,37.806,2025-11-17 21:00:00,38.79,TP,2.5014600857006872,35 bars
249,LONG,2025-11-17 18:20:00,37.716,2025-11-17 21:00:00,38.767,TP,2.685222452009762,33 bars
250,LONG,2025-11-17 18:25:00,37.798,2025-11-17 21:00:00,38.823,TP,2.610427800412716,32 bars
251,LONG,2025-11-17 18:35:00,37.908,2025-11-17 21:05:00,38.907,TP,2.534009971509959,31 bars
252,LONG,2025-11-17 20:20:00,37.844,2025-11-17 21:05:00,38.916,TP,2.7312651939541155,10 bars
253,LONG,2025-11-19 17:40:00,37.514,2025-11-19 21:20:00,38.549,TP,2.6575904995468265,45 bars
254,LONG,2025-11-20 13:55:00,39.03,2025-11-20 16:05:00,38.132,SL,-2.399643863694602,27 bars
255,LONG,2025-11-20 14:40:00,38.879,2025-11-20 16:10:00,37.745,SL,-3.0152833149000755,19 bars
256,LONG,2025-11-20 20:50:00,37.562,2025-11-20 22:50:00,38.342,TP,1.9755284596134424,25 bars
257,LONG,2025-11-20 20:55:00,37.569,2025-11-20 22:50:00,38.335,TP,1.937895605419357,24 bars
258,LONG,2025-11-20 21:00:00,37.615,2025-11-20 22:55:00,38.358,TP,1.8742881829057418,24 bars
259,LONG,2025-11-20 20:40:00,37.57,2025-11-21 00:35:00,38.397,TP,2.1001237689645946,48 bars
260,LONG,2025-11-20 20:45:00,37.59,2025-11-21 00:35:00,38.397,TP,2.0457741420590447,47 bars
261,LONG,2025-11-20 21:10:00,37.818,2025-11-21 03:25:00,36.812,SL,-2.758778888360041,76 bars
262,LONG,2025-11-20 21:05:00,37.782,2025-11-21 04:05:00,36.752,SL,-2.824802816155826,85 bars
263,LONG,2025-11-21 19:00:00,33.066,2025-11-22 02:00:00,34.346,TP,3.769110264319827,85 bars
264,LONG,2025-11-21 18:55:00,33.082,2025-11-22 06:50:00,34.41,TP,3.912260443745831,144 bars
265,LONG,2025-11-21 19:05:00,33.177,2025-11-22 06:50:00,34.416,TP,3.6326476173252464,142 bars
266,LONG,2025-11-21 19:10:00,33.186,2025-11-22 06:50:00,34.398,TP,3.5503163984812973,141 bars
267,LONG,2025-11-21 19:20:00,33.309,2025-11-22 06:55:00,34.524,TP,3.5458389624425943,140 bars
268,LONG,2025-11-24 16:25:00,31.288,2025-11-24 18:40:00,32.354,TP,3.3053534901559662,28 bars
269,LONG,2025-11-24 16:30:00,31.267,2025-11-24 18:40:00,32.312,TP,3.240510762145387,27 bars
270,LONG,2025-11-24 16:35:00,31.254,2025-11-24 18:40:00,32.29,TP,3.2131183208549228,26 bars
271,LONG,2025-11-24 17:20:00,31.388,2025-11-24 18:40:00,32.285,TP,2.7563511533069796,17 bars
272,LONG,2025-11-24 16:50:00,31.367,2025-11-24 18:50:00,32.382,TP,3.134266904708761,25 bars
273,LONG,2025-11-24 16:45:00,31.38,2025-11-24 19:45:00,32.414,TP,3.193444869343539,37 bars
274,LONG,2025-11-25 03:25:00,33.146,2025-11-25 07:05:00,31.915,SL,-3.812015024437343,45 bars
275,LONG,2025-11-25 03:30:00,33.069,2025-11-25 07:25:00,31.867,SL,-3.733006743475768,48 bars
276,LONG,2025-11-25 03:35:00,32.96,2025-11-25 09:45:00,33.85,TP,2.59889259708738,75 bars
277,LONG,2025-11-25 11:55:00,32.615,2025-11-25 23:10:00,33.798,TP,3.5253518319791497,136 bars
278,LONG,2025-11-25 12:00:00,32.518,2025-11-25 23:10:00,33.65,TP,3.379408327695424,135 bars
279,LONG,2025-11-25 12:05:00,32.631,2025-11-25 23:10:00,33.754,TP,3.3397919156630125,134 bars
280,LONG,2025-11-25 12:10:00,32.673,2025-11-25 23:10:00,33.76,TP,3.2252425550148325,133 bars
281,LONG,2025-11-25 12:30:00,32.72,2025-11-25 23:10:00,33.85,TP,3.35181845965771,129 bars
282,LONG,2025-11-25 12:35:00,32.713,2025-11-25 23:10:00,33.806,TP,3.2395087579861115,128 bars
283,LONG,2025-11-25 12:40:00,32.727,2025-11-25 23:10:00,33.774,TP,3.0975937299477634,127 bars
284,LONG,2025-11-25 12:45:00,32.769,2025-11-25 23:10:00,33.799,TP,3.0416430162653763,126 bars
285,LONG,2025-11-25 12:50:00,32.719,2025-11-25 23:10:00,33.719,TP,2.9547999633240623,125 bars
286,LONG,2025-11-25 12:15:00,32.945,2025-11-26 00:45:00,34.057,TP,3.2736348459553857,151 bars
287,LONG,2025-11-25 12:20:00,32.922,2025-11-26 00:45:00,34.071,TP,3.3883223983962125,150 bars
288,LONG,2025-11-25 12:25:00,32.9,2025-11-26 00:45:00,34.024,TP,3.3147051671732597,149 bars
289,LONG,2025-11-28 22:30:00,34.515,2025-11-28 23:00:00,35.106,TP,1.6114428509343797,7 bars
290,LONG,2025-11-28 22:35:00,34.554,2025-11-28 23:00:00,35.129,TP,1.5632300167853095,6 bars
291,LONG,2025-12-01 08:40:00,31.063,2025-12-01 12:40:00,30.249,SL,-2.7191707175739626,49 bars
292,LONG,2025-12-01 19:50:00,29.432,2025-12-01 20:45:00,30.124,TP,2.250006795324817,12 bars
293,LONG,2025-12-01 19:55:00,29.484,2025-12-01 20:45:00,30.174,TP,2.239082214082206,11 bars
294,LONG,2025-12-01 20:00:00,29.528,2025-12-01 20:50:00,30.228,TP,2.2694459496071624,11 bars
295,LONG,2025-12-02 10:00:00,31.293,2025-12-02 10:45:00,31.88,TP,1.774880963793819,10 bars
296,LONG,2025-12-02 10:05:00,31.463,2025-12-02 13:15:00,32.095,TP,1.9077042875758758,39 bars
297,LONG,2025-12-03 09:05:00,34.253,2025-12-03 20:50:00,34.893,TP,1.7675152541383254,142 bars
298,LONG,2025-12-03 09:10:00,34.215,2025-12-03 20:50:00,34.862,TP,1.7900379950314145,141 bars
299,LONG,2025-12-04 18:00:00,34.309,2025-12-04 19:20:00,33.227,SL,-3.252114605497102,17 bars
300,LONG,2025-12-07 05:45:00,30.874,2025-12-07 06:40:00,31.113,TP,0.6737270842780358,12 bars
301,LONG,2025-12-07 06:05:00,30.869,2025-12-07 06:40:00,31.108,TP,0.6738524085652297,8 bars
302,LONG,2025-12-07 03:40:00,30.901,2025-12-07 07:00:00,31.208,TP,0.8929986084592686,41 bars
303,LONG,2025-12-07 03:55:00,30.947,2025-12-07 07:00:00,31.236,TP,0.8333877274049227,38 bars
304,LONG,2025-12-07 04:00:00,30.951,2025-12-07 07:00:00,31.235,TP,0.8171206099964424,37 bars
305,LONG,2025-12-07 03:45:00,30.945,2025-12-07 07:55:00,30.534,SL,-1.4274987881725687,51 bars
306,LONG,2025-12-07 03:50:00,30.963,2025-12-07 07:55:00,30.567,SL,-1.3783063656622445,50 bars
307,LONG,2025-12-08 04:10:00,29.951,2025-12-08 06:40:00,30.526,TP,1.8188424426563363,31 bars
308,LONG,2025-12-08 03:25:00,29.983,2025-12-08 08:55:00,30.655,TP,2.140149418003537,67 bars
309,LONG,2025-12-08 03:30:00,29.943,2025-12-08 08:55:00,30.605,TP,2.1097618809070533,66 bars
310,LONG,2025-12-08 03:35:00,30.016,2025-12-08 08:55:00,30.676,TP,2.0977278784648195,65 bars
311,LONG,2025-12-08 03:40:00,29.937,2025-12-08 08:55:00,30.586,TP,2.066801950763261,64 bars
312,LONG,2025-12-08 03:50:00,29.958,2025-12-08 08:55:00,30.6,TP,2.0419287001802626,62 bars
313,LONG,2025-12-08 03:55:00,29.995,2025-12-08 08:55:00,30.618,TP,1.975974329054834,61 bars
314,LONG,2025-12-08 04:00:00,29.984,2025-12-08 08:55:00,30.584,TP,1.9000667022411877,60 bars
315,LONG,2025-12-08 04:05:00,29.956,2025-12-08 08:55:00,30.548,TP,1.8752436907464243,59 bars
316,LONG,2025-12-08 04:15:00,30.015,2025-12-08 08:55:00,30.586,TP,1.8014309511910638,57 bars
317,LONG,2025-12-08 04:20:00,30.009,2025-12-08 08:55:00,30.559,TP,1.7318671065347087,56 bars
318,LONG,2025-12-08 04:30:00,30.093,2025-12-08 08:55:00,30.634,TP,1.69686139633802,54 bars
319,LONG,2025-12-08 13:15:00,30.484,2025-12-08 14:55:00,29.798,SL,-2.349235664610955,21 bars
320,LONG,2025-12-08 13:20:00,30.389,2025-12-08 14:55:00,29.671,SL,-2.461515680015795,20 bars
321,LONG,2025-12-09 15:05:00,28.057,2025-12-09 16:10:00,28.811,TP,2.5860426987917506,14 bars
322,LONG,2025-12-10 15:55:00,28.875,2025-12-10 18:45:00,29.448,TP,1.883423376623378,35 bars
323,LONG,2025-12-10 15:50:00,28.897,2025-12-10 19:00:00,29.491,TP,1.9545489151122994,39 bars
324,LONG,2025-12-10 11:45:00,29.049,2025-12-10 19:20:00,29.557,TP,1.6478949361423774,92 bars
325,LONG,2025-12-10 11:50:00,29.043,2025-12-10 19:20:00,29.578,TP,1.741175154081879,91 bars
326,LONG,2025-12-10 16:00:00,29.026,2025-12-10 19:20:00,29.623,TP,1.955748294632403,41 bars
327,LONG,2025-12-10 16:05:00,28.943,2025-12-10 19:20:00,29.535,TP,1.9443768786925983,40 bars
328,LONG,2025-12-10 16:10:00,28.936,2025-12-10 19:20:00,29.514,TP,1.8965129941940815,39 bars
329,LONG,2025-12-10 16:15:00,29.083,2025-12-10 19:20:00,29.676,TP,1.9379723549840109,38 bars
330,LONG,2025-12-11 05:25:00,28.671,2025-12-11 06:40:00,27.881,SL,-2.8540197412019084,16 bars
331,LONG,2025-12-11 05:20:00,28.657,2025-12-11 08:30:00,27.852,SL,-2.907682241686149,39 bars
332,LONG,2025-12-11 04:55:00,28.535,2025-12-11 10:35:00,27.598,SL,-3.382044857192925,69 bars
333,LONG,2025-12-11 05:00:00,28.509,2025-12-11 10:35:00,27.613,SL,-3.2412957311726145,68 bars
334,LONG,2025-12-11 05:05:00,28.56,2025-12-11 10:35:00,27.692,SL,-3.137696078431367,67 bars
335,LONG,2025-12-11 05:10:00,28.616,2025-12-11 10:35:00,27.758,SL,-3.096823455409563,66 bars
336,LONG,2025-12-11 05:15:00,28.588,2025-12-11 10:35:00,27.763,SL,-2.9843833076815423,65 bars
337,LONG,2025-12-13 09:35:00,28.097,2025-12-13 11:10:00,28.544,TP,1.490121721180194,20 bars
338,LONG,2025-12-13 18:30:00,28.953,2025-12-13 23:40:00,29.401,TP,1.446561668911686,63 bars
339,LONG,2025-12-13 18:00:00,28.973,2025-12-13 23:45:00,29.445,TP,1.5282884064473865,70 bars
340,LONG,2025-12-13 16:20:00,28.998,2025-12-13 23:50:00,29.556,TP,1.8233085040347603,91 bars
341,LONG,2025-12-13 17:55:00,28.985,2025-12-13 23:50:00,29.465,TP,1.555200966016907,72 bars
342,LONG,2025-12-13 18:10:00,28.995,2025-12-13 23:50:00,29.462,TP,1.5098172098637652,69 bars
343,LONG,2025-12-13 18:15:00,29.005,2025-12-13 23:50:00,29.468,TP,1.4954783657990034,68 bars
344,LONG,2025-12-15 21:25:00,27.465,2025-12-16 03:10:00,26.66,SL,-3.029537593300563,70 bars
345,LONG,2025-12-15 21:30:00,27.495,2025-12-16 03:10:00,26.689,SL,-3.0299763593380646,69 bars
346,LONG,2025-12-15 21:35:00,27.475,2025-12-16 03:10:00,26.677,SL,-3.0030063694267586,68 bars
347,LONG,2025-12-15 21:40:00,27.521,2025-12-16 03:10:00,26.727,SL,-2.9836270484357414,67 bars
348,LONG,2025-12-15 20:45:00,27.36,2025-12-16 03:30:00,26.387,SL,-3.6545084064327447,82 bars
349,LONG,2025-12-17 05:25:00,26.688,2025-12-17 11:15:00,27.445,TP,2.735062574940053,71 bars
350,LONG,2025-12-17 05:30:00,26.692,2025-12-17 11:15:00,27.428,TP,2.6560017982916255,70 bars
351,LONG,2025-12-17 05:10:00,26.725,2025-12-17 11:40:00,27.559,TP,3.0191131898970984,79 bars
352,LONG,2025-12-17 05:15:00,26.75,2025-12-17 11:40:00,27.552,TP,2.896631775700933,78 bars
353,LONG,2025-12-17 05:20:00,26.762,2025-12-17 11:40:00,27.534,TP,2.7832448994843375,77 bars
354,LONG,2025-12-17 04:50:00,26.653,2025-12-17 11:50:00,27.596,TP,3.436294225790723,85 bars
355,LONG,2025-12-17 04:55:00,26.727,2025-12-17 11:50:00,27.629,TP,3.2731769371796346,84 bars
356,LONG,2025-12-17 05:00:00,26.723,2025-12-17 11:50:00,27.585,TP,3.124072896007192,83 bars
357,LONG,2025-12-17 05:05:00,26.772,2025-12-17 11:50:00,27.627,TP,3.092038323621696,82 bars
358,LONG,2025-12-17 05:40:00,26.882,2025-12-17 11:50:00,27.621,TP,2.6476768841603944,75 bars
359,LONG,2025-12-17 05:35:00,26.885,2025-12-17 11:55:00,27.644,TP,2.721724009670808,77 bars
360,LONG,2025-12-18 04:10:00,24.294,2025-12-18 09:20:00,23.662,SL,-2.7001646497077534,63 bars
361,LONG,2025-12-18 03:55:00,24.121,2025-12-18 13:05:00,24.612,TP,1.9345528792338613,111 bars
362,LONG,2025-12-18 04:00:00,24.187,2025-12-18 13:05:00,24.665,TP,1.8752801091495348,110 bars
363,LONG,2025-12-18 03:40:00,24.175,2025-12-18 13:30:00,24.732,TP,2.202881075491204,119 bars
364,LONG,2025-12-18 04:05:00,24.31,2025-12-18 13:35:00,24.802,TP,1.9228465651995101,115 bars
365,LONG,2025-12-18 02:55:00,24.337,2025-12-18 13:40:00,24.972,TP,2.5078912766569483,130 bars
366,LONG,2025-12-18 03:10:00,24.356,2025-12-18 13:40:00,24.963,TP,2.390952947938903,127 bars
367,LONG,2025-12-18 16:00:00,24.675,2025-12-18 17:20:00,23.45,SL,-5.062056737588658,17 bars
368,LONG,2025-12-18 17:00:00,24.646,2025-12-18 17:20:00,23.567,SL,-4.475803375801349,5 bars
369,LONG,2025-12-18 16:05:00,24.508,2025-12-18 18:45:00,23.292,SL,-5.059164354496481,33 bars
370,LONG,2025-12-18 16:15:00,24.542,2025-12-18 18:45:00,23.372,SL,-4.86495395648277,31 bars
371,LONG,2025-12-19 14:20:00,24.317,2025-12-19 19:30:00,24.866,TP,2.1565509725706278,63 bars
372,LONG,2025-12-19 14:25:00,24.156,2025-12-19 19:30:00,24.732,TP,2.2833084947839066,62 bars
373,LONG,2025-12-19 16:10:00,24.126,2025-12-19 19:30:00,25.064,TP,3.785977783304314,41 bars
374,LONG,2025-12-19 16:15:00,24.132,2025-12-19 19:30:00,25.037,TP,3.6483320901707175,40 bars
375,LONG,2025-12-19 16:20:00,24.156,2025-12-19 19:30:00,25.035,TP,3.5370280675608603,39 bars
376,LONG,2025-12-21 20:25:00,24.275,2025-12-21 23:35:00,24.619,TP,1.316387229660149,39 bars
377,LONG,2025-12-21 20:30:00,24.263,2025-12-21 23:35:00,24.597,TP,1.275893335531466,38 bars
378,LONG,2025-12-22 04:05:00,24.663,2025-12-22 07:05:00,25.1,TP,1.670999067428947,37 bars
379,LONG,2025-12-23 07:40:00,24.327,2025-12-23 14:50:00,23.71,SL,-2.6350084268508276,87 bars
380,LONG,2025-12-24 14:45:00,24.09,2025-12-24 16:55:00,24.527,TP,1.713123702781242,27 bars
381,LONG,2025-12-25 22:15:00,24.844,2025-12-25 22:45:00,24.529,SL,-1.3672778135565984,7 bars
382,LONG,2025-12-25 22:25:00,24.817,2025-12-25 22:45:00,24.495,SL,-1.3968489341983286,5 bars
383,LONG,2025-12-25 22:30:00,24.807,2025-12-25 22:45:00,24.476,SL,-1.4336336517918309,4 bars
384,LONG,2025-12-25 22:35:00,24.786,2025-12-25 22:45:00,24.461,SL,-1.4105684660695668,3 bars
385,LONG,2025-12-26 09:05:00,25.211,2025-12-26 15:00:00,24.703,SL,-2.1139859585101712,72 bars
386,LONG,2025-12-26 09:10:00,25.227,2025-12-26 15:00:00,24.717,SL,-2.1206326554881736,71 bars
387,LONG,2025-12-26 11:30:00,25.107,2025-12-26 15:00:00,24.734,SL,-1.5848986338471247,43 bars
388,LONG,2025-12-26 09:00:00,25.168,2025-12-26 22:45:00,25.554,TP,1.4329267323585475,166 bars
389,LONG,2025-12-27 05:20:00,25.834,2025-12-27 06:10:00,26.092,TP,0.8981845629790165,11 bars
390,LONG,2025-12-27 05:25:00,25.84,2025-12-27 06:10:00,26.09,TP,0.8670085139318886,10 bars
391,LONG,2025-12-27 05:30:00,25.849,2025-12-27 06:10:00,26.089,TP,0.8280049518356548,9 bars
392,LONG,2025-12-27 05:40:00,25.855,2025-12-27 06:10:00,26.079,TP,0.7659369561013352,7 bars
393,LONG,2025-12-27 05:15:00,25.829,2025-12-27 08:05:00,26.095,TP,0.9293352433311324,35 bars
394,LONG,2025-12-27 05:35:00,25.864,2025-12-27 08:05:00,26.099,TP,0.8081445252087821,31 bars
395,LONG,2025-12-27 05:00:00,25.851,2025-12-27 08:40:00,26.124,TP,0.9555239642567006,45 bars
396,LONG,2025-12-27 05:05:00,25.865,2025-12-27 08:40:00,26.138,TP,0.9549526387009597,44 bars
397,LONG,2025-12-27 05:10:00,25.862,2025-12-27 08:40:00,26.131,TP,0.9396160389761112,43 bars
398,LONG,2025-12-27 04:45:00,25.897,2025-12-27 09:15:00,26.203,TP,1.0810132447773908,55 bars
399,LONG,2025-12-27 04:50:00,25.887,2025-12-27 09:15:00,26.177,TP,1.0196932823424854,54 bars
400,LONG,2025-12-27 04:55:00,25.878,2025-12-27 09:15:00,26.158,TP,0.9814591544941695,53 bars
401,LONG,2025-12-27 13:10:00,26.019,2025-12-27 16:45:00,25.611,SL,-1.667300818632529,44 bars
402,LONG,2025-12-27 13:15:00,25.995,2025-12-27 16:45:00,25.597,SL,-1.6302981342565865,43 bars
403,LONG,2025-12-27 13:20:00,25.989,2025-12-27 16:45:00,25.597,SL,-1.6075762822732673,42 bars
404,LONG,2025-12-28 12:05:00,25.836,2025-12-28 15:40:00,25.545,SL,-1.2257721783557702,44 bars
405,LONG,2025-12-28 12:15:00,25.886,2025-12-28 15:40:00,25.599,SL,-1.2081530557057831,42 bars
406,LONG,2025-12-28 12:20:00,25.88,2025-12-28 15:40:00,25.597,SL,-1.1929617465224023,41 bars
407,LONG,2025-12-28 12:25:00,25.879,2025-12-28 15:40:00,25.603,SL,-1.1659685459252669,40 bars
408,LONG,2025-12-28 12:35:00,25.871,2025-12-28 15:40:00,25.608,SL,-1.1160739824513863,38 bars
409,LONG,2025-12-28 13:25:00,25.888,2025-12-28 15:40:00,25.592,SL,-1.242815203955512,28 bars
410,LONG,2025-12-28 13:30:00,25.875,2025-12-28 15:40:00,25.588,SL,-1.2086241545893681,27 bars
411,LONG,2025-12-28 13:35:00,25.868,2025-12-28 15:40:00,25.593,SL,-1.162557986701711,26 bars
412,LONG,2025-12-28 13:50:00,25.856,2025-12-28 15:40:00,25.597,SL,-1.1012008818069319,23 bars
413,LONG,2025-12-28 14:00:00,25.889,2025-12-28 15:40:00,25.63,SL,-1.0999246784348577,21 bars
414,LONG,2025-12-28 14:05:00,25.89,2025-12-28 15:40:00,25.637,SL,-1.0767226728466595,20 bars
415,LONG,2025-12-28 14:10:00,25.871,2025-12-28 15:40:00,25.627,SL,-1.0426693981678319,19 bars
416,LONG,2025-12-29 09:20:00,25.985,2025-12-29 12:10:00,25.356,SL,-2.5194169713296053,35 bars
417,LONG,2025-12-29 09:25:00,26.016,2025-12-29 12:10:00,25.391,SL,-2.501166589790898,34 bars
418,LONG,2025-12-29 09:30:00,25.978,2025-12-29 12:10:00,25.356,SL,-2.493136500115482,33 bars
419,LONG,2025-12-29 11:50:00,25.626,2025-12-29 15:15:00,26.058,TP,1.58494497775696,42 bars
420,LONG,2025-12-29 12:00:00,25.648,2025-12-29 15:15:00,26.057,TP,1.4938689176543936,40 bars
421,LONG,2025-12-29 11:40:00,25.618,2025-12-29 15:25:00,26.072,TP,1.6713053321883073,46 bars
422,LONG,2025-12-29 11:45:00,25.64,2025-12-29 15:25:00,26.083,TP,1.6269052262090398,45 bars
423,LONG,2025-12-29 11:35:00,25.625,2025-12-29 15:30:00,26.1,TP,1.7527317073170785,48 bars
424,LONG,2025-12-29 11:55:00,25.676,2025-12-29 15:30:00,26.1,TP,1.5505218881445828,44 bars
425,LONG,2025-12-29 11:00:00,25.72,2025-12-29 16:05:00,26.272,TP,2.0451166407464987,62 bars
426,LONG,2025-12-29 11:15:00,25.676,2025-12-29 16:05:00,26.201,TP,1.9436886586695832,59 bars
427,LONG,2025-12-29 11:20:00,25.678,2025-12-29 16:05:00,26.197,TP,1.9201748578549664,58 bars
428,LONG,2025-12-30 12:00:00,25.885,2025-12-30 14:15:00,25.371,SL,-2.0847131543364994,28 bars
429,LONG,2025-12-30 11:45:00,25.807,2025-12-31 14:05:00,26.202,TP,1.4298271786724654,317 bars
430,LONG,2025-12-30 11:55:00,25.817,2025-12-31 14:05:00,26.205,TP,1.4021342526242326,315 bars
431,LONG,2025-12-30 12:20:00,25.836,2025-12-31 14:05:00,26.238,TP,1.4551904319554148,310 bars
432,LONG,2025-12-31 01:15:00,25.99,2025-12-31 17:20:00,25.551,SL,-1.7882666410157757,194 bars
433,LONG,2025-12-30 11:15:00,25.877,2025-12-31 19:10:00,25.776,TIME,-0.4901128415194926,384 bars
434,LONG,2025-12-30 12:15:00,25.836,2025-12-31 20:10:00,25.781,TIME,-0.31277481034215715,384 bars
435,LONG,2026-01-01 19:10:00,24.374,2026-01-01 20:40:00,23.733,SL,-2.728536555345853,19 bars
436,LONG,2026-01-01 19:45:00,24.377,2026-01-01 20:40:00,23.741,SL,-2.7077121877179278,12 bars
437,LONG,2026-01-01 19:05:00,24.38,2026-01-02 09:50:00,24.879,TP,1.9457362592288856,178 bars
438,LONG,2026-01-01 19:00:00,24.367,2026-01-02 09:55:00,24.886,TP,2.0288648582098676,180 bars
439,LONG,2026-01-04 02:30:00,25.179,2026-01-04 14:05:00,25.551,TP,1.376682950077445,140 bars
440,LONG,2026-01-04 02:40:00,25.173,2026-01-04 14:05:00,25.532,TP,1.3254181067016317,138 bars
441,LONG,2026-01-04 02:15:00,25.225,2026-01-04 14:15:00,25.604,TP,1.4017264618434004,145 bars
442,LONG,2026-01-04 02:20:00,25.235,2026-01-04 14:15:00,25.606,TP,1.3694452149792045,144 bars
443,LONG,2026-01-04 02:35:00,25.219,2026-01-04 14:15:00,25.585,TP,1.350561084896307,141 bars
444,LONG,2026-01-04 02:00:00,25.274,2026-01-04 14:30:00,25.7,TP,1.5846838648413324,151 bars
445,LONG,2026-01-04 02:05:00,25.278,2026-01-04 14:30:00,25.686,TP,1.5132447187277525,150 bars
446,LONG,2026-01-04 02:10:00,25.244,2026-01-04 14:30:00,25.639,TP,1.4639458881318317,149 bars
447,LONG,2026-01-04 02:25:00,25.274,2026-01-04 14:30:00,25.64,TP,1.3474044472580502,146 bars
448,LONG,2026-01-04 01:45:00,25.264,2026-01-04 14:35:00,25.736,TP,1.7673369221026014,155 bars
449,LONG,2026-01-04 01:50:00,25.265,2026-01-04 14:35:00,25.718,TP,1.6920977637047272,154 bars
450,LONG,2026-01-04 01:55:00,25.3,2026-01-04 14:35:00,25.738,TP,1.6303596837944616,153 bars
451,LONG,2026-01-05 09:25:00,26.479,2026-01-05 13:35:00,25.902,SL,-2.277995770233008,51 bars
452,LONG,2026-01-05 09:20:00,26.409,2026-01-05 13:40:00,25.853,SL,-2.2042902040970787,53 bars
453,LONG,2026-01-05 08:05:00,26.431,2026-01-05 14:35:00,25.789,SL,-2.5277515039158547,79 bars
454,LONG,2026-01-05 08:10:00,26.42,2026-01-05 14:35:00,25.794,SL,-2.4682323996972033,78 bars
455,LONG,2026-01-05 07:05:00,26.342,2026-01-05 17:50:00,26.831,TP,1.7554228987928053,130 bars
456,LONG,2026-01-05 07:15:00,26.38,2026-01-05 17:55:00,26.872,TP,1.7641167551175168,129 bars
457,LONG,2026-01-05 07:55:00,26.379,2026-01-05 17:55:00,26.891,TP,1.839967398309249,121 bars
458,LONG,2026-01-05 08:00:00,26.402,2026-01-05 17:55:00,26.893,TP,1.7587777441102934,120 bars
459,LONG,2026-01-06 19:05:00,26.862,2026-01-06 19:15:00,27.601,TP,2.649722656540842,3 bars
460,LONG,2026-01-08 02:25:00,26.696,2026-01-08 06:55:00,26.166,SL,-2.084323494156432,55 bars
461,LONG,2026-01-07 22:20:00,26.721,2026-01-08 10:00:00,25.862,SL,-3.3130926986265545,141 bars
462,LONG,2026-01-07 22:25:00,26.797,2026-01-08 10:00:00,25.949,SL,-3.26295107661305,140 bars
463,LONG,2026-01-07 22:15:00,26.696,2026-01-08 14:00:00,25.803,SL,-3.4433978873239464,190 bars
464,LONG,2026-01-11 16:25:00,24.491,2026-01-12 02:10:00,24.823,TP,1.254922216324367,118 bars
465,LONG,2026-01-11 16:30:00,24.53,2026-01-12 02:15:00,24.871,TP,1.289439461883398,118 bars
466,LONG,2026-01-14 06:10:00,25.829,2026-01-14 08:00:00,26.203,TP,1.3472608308490408,23 bars
467,LONG,2026-01-14 09:40:00,26.041,2026-01-14 14:45:00,26.5,TP,1.6617238201297937,62 bars
468,LONG,2026-01-14 09:20:00,26.102,2026-01-14 14:50:00,26.567,TP,1.6805819477434674,67 bars
469,LONG,2026-01-14 09:35:00,26.099,2026-01-14 14:50:00,26.561,TP,1.669297674240391,64 bars
470,LONG,2026-01-14 09:15:00,26.096,2026-01-14 14:55:00,26.576,TP,1.7384426732066232,69 bars
471,LONG,2026-01-14 09:30:00,26.106,2026-01-14 14:55:00,26.578,TP,1.7071094767486312,66 bars
472,LONG,2026-01-14 09:25:00,26.149,2026-01-14 16:30:00,26.624,TP,1.7156048032429458,86 bars
473,LONG,2026-01-15 22:05:00,24.514,2026-01-16 05:55:00,24.921,TP,1.559445622909358,95 bars
474,LONG,2026-01-15 22:10:00,24.535,2026-01-16 05:55:00,24.93,TP,1.5091400040758085,94 bars
475,LONG,2026-01-15 22:15:00,24.501,2026-01-16 05:55:00,24.911,TP,1.572564385127138,93 bars
476,LONG,2026-01-15 22:20:00,24.538,2026-01-16 05:55:00,24.946,TP,1.5618958350313854,92 bars
477,LONG,2026-01-15 22:25:00,24.559,2026-01-16 05:55:00,24.954,TP,1.5075674905330003,91 bars
478,LONG,2026-01-15 21:45:00,24.544,2026-01-16 06:20:00,24.989,TP,1.7121638689700143,104 bars
479,LONG,2026-01-15 21:40:00,24.543,2026-01-16 06:25:00,25.002,TP,1.7692519251925176,106 bars
480,LONG,2026-01-15 21:30:00,24.542,2026-01-16 06:35:00,25.033,TP,1.899651617635073,110 bars
481,LONG,2026-01-15 21:35:00,24.559,2026-01-16 08:25:00,25.036,TP,1.841290361985424,131 bars
482,LONG,2026-01-16 17:50:00,24.984,2026-01-17 13:35:00,25.39,TP,1.5242275056035814,238 bars
483,LONG,2026-01-16 17:55:00,24.992,2026-01-17 13:35:00,25.38,TP,1.451720550576177,237 bars
484,LONG,2026-01-17 21:25:00,25.646,2026-01-17 22:45:00,25.343,SL,-1.2808800592685052,17 bars
485,LONG,2026-01-17 21:50:00,25.636,2026-01-17 22:45:00,25.331,SL,-1.2891383211109366,12 bars
486,LONG,2026-01-17 21:20:00,25.618,2026-01-18 01:05:00,25.313,SL,-1.2899738465141688,46 bars
487,LONG,2026-01-17 21:55:00,25.579,2026-01-18 01:05:00,25.269,SL,-1.3113256968607148,39 bars
488,LONG,2026-01-18 03:05:00,25.406,2026-01-18 04:50:00,25.667,TP,0.9268027237660506,22 bars
489,LONG,2026-01-18 03:10:00,25.415,2026-01-18 04:50:00,25.667,TP,0.8910446586661517,21 bars
490,LONG,2026-01-18 02:05:00,25.424,2026-01-18 04:55:00,25.709,TP,1.0204275487728138,35 bars
491,LONG,2026-01-18 03:15:00,25.458,2026-01-18 04:55:00,25.707,TP,0.8775925053028609,21 bars
492,LONG,2026-01-18 03:20:00,25.472,2026-01-18 04:55:00,25.713,TP,0.845663866206029,20 bars
493,LONG,2026-01-18 04:35:00,25.487,2026-01-18 04:55:00,25.722,TP,0.8215776670459567,5 bars
494,LONG,2026-01-18 04:30:00,25.508,2026-01-18 05:40:00,25.739,TP,0.805145444566417,15 bars
495,LONG,2026-01-18 15:25:00,25.855,2026-01-18 17:35:00,25.455,SL,-1.6463159930381055,27 bars
496,LONG,2026-01-18 15:30:00,25.838,2026-01-18 17:35:00,25.45,SL,-1.6009133833888138,26 bars
497,LONG,2026-01-18 15:35:00,25.844,2026-01-18 17:35:00,25.469,SL,-1.5502882680699581,25 bars
498,LONG,2026-01-18 16:35:00,25.822,2026-01-18 19:30:00,25.358,SL,-1.8960188986135802,36 bars
499,LONG,2026-01-20 02:40:00,23.694,2026-01-20 05:25:00,23.29,SL,-1.804220477758082,34 bars
500,LONG,2026-01-20 12:30:00,22.773,2026-01-20 13:05:00,22.331,SL,-2.0399244719624123,8 bars
501,LONG,2026-01-22 12:50:00,21.823,2026-01-22 14:35:00,21.451,SL,-1.8037712505155106,22 bars
502,LONG,2026-01-22 13:00:00,21.8,2026-01-22 14:35:00,21.455,SL,-1.6817775229357907,20 bars
503,LONG,2026-01-22 13:05:00,21.805,2026-01-22 14:35:00,21.473,SL,-1.6218252694336195,19 bars
504,LONG,2026-01-22 13:10:00,21.787,2026-01-22 14:35:00,21.464,SL,-1.5817941891953937,18 bars
505,LONG,2026-01-22 13:15:00,21.753,2026-01-22 14:45:00,21.419,SL,-1.6346526915827684,19 bars
506,LONG,2026-01-22 13:50:00,21.809,2026-01-22 14:45:00,21.326,SL,-2.313574671007385,12 bars
507,LONG,2026-01-24 07:30:00,22.888,2026-01-24 08:35:00,23.13,TP,0.9567939531632178,14 bars
508,LONG,2026-01-24 07:35:00,22.919,2026-01-24 08:35:00,23.16,TP,0.9510035341856087,13 bars
509,LONG,2026-01-24 07:40:00,22.87,2026-01-24 08:35:00,23.111,TP,0.9532553563620448,12 bars
510,LONG,2026-01-24 07:45:00,22.859,2026-01-24 08:35:00,23.095,TP,0.9318999081324515,11 bars
511,LONG,2026-01-24 07:50:00,22.86,2026-01-24 08:35:00,23.095,TP,0.9274825021872243,10 bars
512,LONG,2026-01-24 07:55:00,22.831,2026-01-24 08:35:00,23.064,TP,0.9200319740703453,9 bars
513,LONG,2026-01-24 08:05:00,22.866,2026-01-24 08:35:00,23.106,TP,0.9490684859616986,7 bars
514,LONG,2026-01-24 08:10:00,22.886,2026-01-24 08:35:00,23.131,TP,0.9699882023944814,6 bars
515,LONG,2026-01-24 08:15:00,22.908,2026-01-24 08:35:00,23.147,TP,0.942781997555427,5 bars
516,LONG,2026-01-24 08:20:00,22.903,2026-01-24 08:35:00,23.141,TP,0.9386455922804854,4 bars
517,LONG,2026-01-24 05:30:00,22.995,2026-01-24 08:40:00,23.295,TP,1.2039791258969372,39 bars
518,LONG,2026-01-24 05:25:00,23.023,2026-01-24 08:50:00,23.334,TP,1.250147678408548,42 bars
519,LONG,2026-01-27 10:55:00,27.294,2026-01-27 12:30:00,28.235,TP,3.345920348794603,20 bars
520,LONG,2026-01-27 11:00:00,27.229,2026-01-27 12:30:00,28.141,TP,3.2476954717396858,19 bars
521,LONG,2026-01-27 11:05:00,27.225,2026-01-27 12:30:00,28.108,TP,3.14172084481175,18 bars
522,LONG,2026-01-27 11:10:00,27.37,2026-01-27 12:30:00,28.287,TP,3.2487084398976913,17 bars
523,LONG,2026-01-27 13:30:00,27.367,2026-01-27 15:55:00,28.103,TP,2.588025724412616,30 bars
524,LONG,2026-01-27 13:35:00,27.419,2026-01-27 15:55:00,28.136,TP,2.5136675298150872,29 bars
525,LONG,2026-01-27 10:40:00,27.378,2026-01-27 16:05:00,28.326,TP,3.3609029147490697,66 bars
526,LONG,2026-01-27 10:50:00,27.43,2026-01-27 16:05:00,28.317,TP,3.1320689026613215,64 bars
527,LONG,2026-01-27 13:25:00,27.477,2026-01-27 16:05:00,28.211,TP,2.569989445718231,33 bars
528,LONG,2026-01-27 13:40:00,27.571,2026-01-27 16:05:00,28.287,TP,2.4956330927423656,30 bars
529,LONG,2026-01-27 10:15:00,27.728,2026-01-27 16:55:00,28.697,TP,3.3929151038661196,81 bars
530,LONG,2026-01-27 10:20:00,27.653,2026-01-27 16:55:00,28.61,TP,3.359015296712837,80 bars
531,LONG,2026-01-27 10:25:00,27.697,2026-01-27 16:55:00,28.633,TP,3.277737661118533,79 bars
532,LONG,2026-01-27 10:30:00,27.682,2026-01-27 16:55:00,28.622,TP,3.294010548370787,78 bars
533,LONG,2026-01-27 10:35:00,27.44,2026-01-27 16:55:00,28.41,TP,3.4332179300291505,77 bars
534,LONG,2026-01-27 10:45:00,27.477,2026-01-27 16:55:00,28.403,TP,3.2684063034537916,75 bars
535,LONG,2026-01-30 22:10:00,31.086,2026-01-31 14:25:00,29.172,SL,-6.2540339702760015,196 bars
536,LONG,2026-01-30 22:15:00,30.979,2026-01-31 14:25:00,29.125,SL,-6.0817069627812375,195 bars
537,LONG,2026-02-01 05:10:00,31.142,2026-02-01 13:45:00,29.666,SL,-4.837210198445827,104 bars
538,LONG,2026-02-02 05:10:00,30.697,2026-02-02 14:20:00,32.246,TP,4.943572661823641,111 bars
539,LONG,2026-02-02 05:45:00,30.844,2026-02-02 14:20:00,32.262,TP,4.495029827519125,104 bars
540,LONG,2026-02-02 05:50:00,30.634,2026-02-02 14:20:00,32.065,TP,4.568944636678193,103 bars
541,LONG,2026-02-02 05:55:00,30.555,2026-02-02 14:20:00,31.963,TP,4.505779741449848,102 bars
542,LONG,2026-02-02 06:00:00,30.809,2026-02-02 14:20:00,32.279,TP,4.668947385504244,101 bars
543,LONG,2026-02-02 06:05:00,30.661,2026-02-02 14:20:00,32.116,TP,4.643069371514295,100 bars
544,LONG,2026-02-02 06:10:00,30.563,2026-02-02 14:20:00,32.008,TP,4.625575041717121,99 bars
545,LONG,2026-02-02 06:15:00,30.53,2026-02-02 14:20:00,31.937,TP,4.506277432034065,98 bars
546,LONG,2026-02-02 06:20:00,30.86,2026-02-02 14:20:00,32.299,TP,4.560662670123137,97 bars
547,LONG,2026-02-02 06:25:00,30.614,2026-02-02 14:20:00,32.049,TP,4.585054223557845,96 bars
548,LONG,2026-02-02 06:30:00,30.177,2026-02-02 14:20:00,31.655,TP,4.795320939788585,95 bars
549,LONG,2026-02-02 06:45:00,30.242,2026-02-02 14:20:00,31.875,TP,5.297075259572778,92 bars
550,LONG,2026-02-03 10:25:00,36.942,2026-02-03 14:50:00,35.122,SL,-5.024178441881869,54 bars
551,LONG,2026-02-03 10:30:00,36.797,2026-02-03 14:50:00,35.025,SL,-4.913202163219824,53 bars
552,LONG,2026-02-03 10:20:00,36.801,2026-02-03 14:55:00,34.949,SL,-5.129955707725344,56 bars
553,LONG,2026-02-03 10:35:00,36.389,2026-02-03 15:00:00,34.561,SL,-5.120984363406531,54 bars
554,LONG,2026-02-05 01:30:00,34.888,2026-02-05 11:50:00,32.743,SL,-6.245171692272403,125 bars
555,LONG,2026-02-05 01:35:00,34.839,2026-02-05 11:50:00,32.699,SL,-6.239470134045182,124 bars
556,LONG,2026-02-05 01:40:00,34.717,2026-02-05 11:50:00,32.636,SL,-6.091184434138883,123 bars
557,LONG,2026-02-07 16:15:00,32.274,2026-02-08 06:50:00,30.901,SL,-4.352071326764582,176 bars
558,LONG,2026-02-07 22:30:00,31.714,2026-02-08 06:50:00,30.906,SL,-2.646496815286624,101 bars
559,LONG,2026-02-08 15:10:00,31.554,2026-02-08 17:05:00,32.265,TP,2.1521534512264755,24 bars
560,LONG,2026-02-08 15:15:00,31.593,2026-02-08 17:05:00,32.282,TP,2.079772417940672,23 bars
561,LONG,2026-02-08 15:20:00,31.449,2026-02-08 17:05:00,32.147,TP,2.1183567045056972,22 bars
562,LONG,2026-02-08 15:25:00,31.379,2026-02-08 17:05:00,32.086,TP,2.1519726568724216,21 bars
563,LONG,2026-02-08 15:50:00,31.431,2026-02-08 17:05:00,32.172,TP,2.256366326238415,16 bars
564,LONG,2026-02-08 15:05:00,31.617,2026-02-08 17:15:00,32.322,TP,2.128698168706714,27 bars
565,LONG,2026-02-08 23:55:00,32.515,2026-02-09 03:40:00,33.486,TP,2.884820851914491,46 bars
566,LONG,2026-02-09 00:00:00,32.441,2026-02-09 03:40:00,33.401,TP,2.857738664036253,45 bars
567,LONG,2026-02-09 00:25:00,32.592,2026-02-09 10:30:00,31.287,SL,-4.102048048600883,122 bars
568,LONG,2026-02-09 00:15:00,32.575,2026-02-09 11:50:00,31.278,SL,-4.079590176515746,140 bars
569,LONG,2026-02-12 08:50:00,30.241,2026-02-12 09:55:00,30.839,TP,1.8764591118018548,14 bars
570,LONG,2026-02-12 08:55:00,30.409,2026-02-12 11:10:00,31.02,TP,1.9082689335394147,28 bars
571,LONG,2026-02-12 09:00:00,30.418,2026-02-12 11:10:00,31.006,TP,1.8320994148201757,27 bars
572,LONG,2026-02-12 09:05:00,30.43,2026-02-12 11:10:00,30.991,TP,1.742653631284916,26 bars
573,LONG,2026-02-12 16:05:00,30.876,2026-02-12 17:15:00,29.571,SL,-4.324470462495141,15 bars
574,LONG,2026-02-13 04:50:00,30.677,2026-02-13 15:05:00,31.347,TP,2.082954656583113,124 bars
575,LONG,2026-02-13 05:10:00,30.636,2026-02-13 15:05:00,31.318,TP,2.125026113069598,120 bars
576,LONG,2026-02-13 05:15:00,30.667,2026-02-13 15:05:00,31.333,TP,2.0706296670688253,119 bars
577,LONG,2026-02-13 05:20:00,30.702,2026-02-13 15:05:00,31.344,TP,1.9900234512409596,118 bars
578,LONG,2026-02-13 07:50:00,30.707,2026-02-13 15:05:00,31.323,TP,1.9050542221643259,88 bars
579,LONG,2026-02-13 04:45:00,30.713,2026-02-13 15:10:00,31.373,TP,2.047852700810732,126 bars
580,LONG,2026-02-13 04:55:00,30.772,2026-02-13 15:10:00,31.434,TP,2.0502307292343773,124 bars
581,LONG,2026-02-13 05:00:00,30.742,2026-02-13 15:10:00,31.39,TP,2.006811528202458,123 bars
582,LONG,2026-02-13 05:05:00,30.808,2026-02-13 15:10:00,31.456,TP,2.0022981043884696,122 bars
583,LONG,2026-02-13 05:25:00,30.764,2026-02-13 15:10:00,31.396,TP,1.9533220647510123,118 bars
584,LONG,2026-02-16 19:05:00,29.878,2026-02-16 20:50:00,30.383,TP,1.5893617377334461,22 bars
585,LONG,2026-02-16 19:15:00,29.909,2026-02-16 20:50:00,30.4,TP,1.5408255040288863,20 bars
586,LONG,2026-02-16 19:55:00,29.934,2026-02-16 20:50:00,30.402,TP,1.4626578472639806,12 bars
587,LONG,2026-02-16 18:20:00,29.896,2026-02-16 21:35:00,30.429,TP,1.6819557800374558,40 bars
588,LONG,2026-02-16 19:10:00,29.931,2026-02-16 21:35:00,30.442,TP,1.6064064013898607,30 bars
589,LONG,2026-02-16 19:25:00,29.966,2026-02-16 21:35:00,30.462,TP,1.554381632516848,27 bars
590,LONG,2026-02-16 19:30:00,29.941,2026-02-16 21:35:00,30.427,TP,1.5223806820079513,26 bars
591,LONG,2026-02-16 18:25:00,29.959,2026-02-16 21:40:00,30.476,TP,1.6248289328749272,40 bars
592,LONG,2026-02-16 19:40:00,30.009,2026-02-16 21:40:00,30.484,TP,1.4820670465527057,25 bars
593,LONG,2026-02-16 18:35:00,29.991,2026-02-16 21:45:00,30.517,TP,1.6529825614350964,39 bars
594,LONG,2026-02-21 05:25:00,30.213,2026-02-21 09:25:00,30.52,TP,0.9156108297752578,49 bars
595,LONG,2026-02-21 05:30:00,30.206,2026-02-21 09:25:00,30.505,TP,0.8893746275574373,48 bars
596,LONG,2026-02-21 05:00:00,30.314,2026-02-21 12:40:00,29.889,SL,-1.5012914824833432,93 bars
597,LONG,2026-02-21 05:05:00,30.336,2026-02-21 12:40:00,29.918,SL,-1.4772118934599132,92 bars
598,LONG,2026-02-21 05:10:00,30.304,2026-02-21 12:40:00,29.895,SL,-1.448981982576554,91 bars
599,LONG,2026-02-21 04:55:00,30.275,2026-02-21 13:00:00,29.868,SL,-1.4436713459950454,98 bars
600,LONG,2026-02-21 05:35:00,30.265,2026-02-21 13:00:00,29.864,SL,-1.4243003469354032,90 bars
601,LONG,2026-02-21 05:40:00,30.28,2026-02-21 13:00:00,29.874,SL,-1.4401486129458467,89 bars
602,LONG,2026-02-21 05:45:00,30.263,2026-02-21 13:00:00,29.866,SL,-1.4111770148366056,88 bars
603,LONG,2026-02-21 05:15:00,30.268,2026-02-21 13:15:00,29.857,SL,-1.4571907625214793,97 bars
604,LONG,2026-02-21 05:20:00,30.26,2026-02-21 13:15:00,29.848,SL,-1.4608526107072126,96 bars
605,LONG,2026-02-21 04:50:00,30.268,2026-02-21 13:30:00,29.847,SL,-1.490212435575523,105 bars
606,LONG,2026-02-22 22:50:00,28.913,2026-02-23 00:35:00,28.533,SL,-1.413630546812849,22 bars
607,LONG,2026-02-22 22:55:00,28.955,2026-02-23 00:35:00,28.581,SL,-1.3910136418580517,21 bars
608,LONG,2026-02-22 23:00:00,28.979,2026-02-23 00:35:00,28.62,SL,-1.3382087028537846,20 bars
609,LONG,2026-02-24 21:50:00,27.123,2026-02-25 01:10:00,27.603,TP,1.668830881539654,41 bars
610,LONG,2026-02-24 21:55:00,27.139,2026-02-25 01:10:00,27.609,TP,1.630959136298325,40 bars
611,LONG,2026-02-24 22:00:00,27.142,2026-02-25 01:10:00,27.608,TP,1.6160378748802633,39 bars
612,LONG,2026-02-26 08:35:00,28.155,2026-02-26 09:10:00,28.628,TP,1.579145800035514,8 bars
613,LONG,2026-02-26 08:45:00,28.165,2026-02-26 09:10:00,28.654,TP,1.6353293094265962,6 bars
614,LONG,2026-02-26 08:50:00,28.192,2026-02-26 09:10:00,28.686,TP,1.6513940124858109,5 bars
615,LONG,2026-02-26 08:55:00,28.207,2026-02-26 09:10:00,28.686,TP,1.5973109511823278,4 bars
616,LONG,2026-02-26 09:00:00,28.258,2026-02-26 09:15:00,28.725,TP,1.5518030292306684,4 bars
617,LONG,2026-02-26 09:05:00,28.221,2026-02-26 09:15:00,28.697,TP,1.5858438751284472,3 bars
618,LONG,2026-02-25 22:45:00,28.398,2026-02-26 09:35:00,29.034,TP,2.1384745404605936,131 bars
619,LONG,2026-02-26 17:35:00,28.376,2026-02-27 04:15:00,29.304,TP,3.1687341415280414,129 bars
620,LONG,2026-02-27 10:50:00,29.266,2026-02-27 12:00:00,28.194,SL,-3.761122121232827,15 bars
621,LONG,2026-03-01 08:35:00,30.801,2026-03-01 15:35:00,31.417,TP,1.8989350995097667,85 bars
622,LONG,2026-03-01 06:50:00,30.747,2026-03-01 15:55:00,31.543,TP,2.4875760236771045,110 bars
623,LONG,2026-03-01 08:05:00,30.875,2026-03-01 15:55:00,31.491,TP,1.8941441295546546,95 bars
624,LONG,2026-03-01 06:45:00,30.841,2026-03-01 16:00:00,31.657,TP,2.544505690476959,112 bars
625,LONG,2026-03-01 06:55:00,30.863,2026-03-01 16:00:00,31.65,TP,2.4487039497132455,110 bars
626,LONG,2026-03-01 07:00:00,30.957,2026-03-01 16:00:00,31.76,TP,2.4926236392415313,109 bars
627,LONG,2026-03-01 07:05:00,30.926,2026-03-01 16:00:00,31.714,TP,2.4467438401345154,108 bars
628,LONG,2026-03-03 18:30:00,32.124,2026-03-03 21:55:00,30.928,SL,-3.821211555223513,42 bars
629,LONG,2026-03-03 18:20:00,32.074,2026-03-03 22:00:00,30.801,SL,-4.0669623370954655,45 bars
630,LONG,2026-03-04 03:45:00,30.958,2026-03-04 07:45:00,31.759,TP,2.4860827572840685,49 bars
631,LONG,2026-03-04 03:55:00,30.921,2026-03-04 07:45:00,31.675,TP,2.337252999579578,47 bars
632,LONG,2026-03-04 04:00:00,30.969,2026-03-04 07:45:00,31.72,TP,2.3237931479866885,46 bars
633,LONG,2026-03-04 04:15:00,30.972,2026-03-04 07:45:00,31.701,TP,2.252561991476169,43 bars
634,LONG,2026-03-04 03:15:00,31.102,2026-03-04 07:50:00,31.771,TP,2.0499115812487956,56 bars
635,LONG,2026-03-04 03:20:00,31.227,2026-03-04 07:50:00,31.905,TP,2.07011240272841,55 bars
636,LONG,2026-03-04 03:25:00,31.119,2026-03-04 07:50:00,31.8,TP,2.087279475561557,54 bars
637,LONG,2026-03-04 03:40:00,31.005,2026-03-04 07:50:00,31.819,TP,2.524070311240123,51 bars
638,LONG,2026-03-04 04:05:00,31.034,2026-03-04 07:50:00,31.778,TP,2.296171940452407,46 bars
639,LONG,2026-03-03 18:15:00,31.85,2026-03-04 09:15:00,32.799,TP,2.8781020408163203,181 bars
640,LONG,2026-03-06 18:00:00,29.714,2026-03-06 19:15:00,30.296,TP,1.8576933432052258,16 bars
641,LONG,2026-03-08 13:15:00,30.142,2026-03-08 13:50:00,30.563,TP,1.2960238205825738,8 bars
642,LONG,2026-03-08 13:25:00,30.109,2026-03-08 13:50:00,30.541,TP,1.3340695473114303,6 bars
643,LONG,2026-03-08 13:20:00,30.193,2026-03-08 14:05:00,30.62,TP,1.313527970059284,10 bars
644,LONG,2026-03-08 12:50:00,30.233,2026-03-08 14:15:00,30.661,TP,1.3149637812985837,18 bars
645,LONG,2026-03-08 13:00:00,30.254,2026-03-08 14:15:00,30.661,TP,1.2446040193032326,16 bars
646,LONG,2026-03-08 13:10:00,30.262,2026-03-08 14:15:00,30.67,TP,1.2475513845747184,14 bars
647,LONG,2026-03-08 12:30:00,30.261,2026-03-08 14:30:00,30.7,TP,1.3499867816661713,25 bars
648,LONG,2026-03-08 12:35:00,30.281,2026-03-08 14:30:00,30.717,TP,1.3391268452164722,24 bars
649,LONG,2026-03-08 12:40:00,30.279,2026-03-08 14:30:00,30.701,TP,1.2930083556260135,23 bars
650,LONG,2026-03-08 12:45:00,30.288,2026-03-08 14:30:00,30.714,TP,1.3057943740095035,22 bars
651,LONG,2026-03-08 12:55:00,30.277,2026-03-08 14:30:00,30.704,TP,1.3096063018132562,20 bars
652,LONG,2026-03-08 13:05:00,30.29,2026-03-08 14:30:00,30.701,TP,1.2562050181578124,18 bars
653,LONG,2026-03-08 16:30:00,30.482,2026-03-08 20:35:00,30.937,TP,1.3919378649694962,50 bars
654,LONG,2026-03-09 04:00:00,30.514,2026-03-09 09:05:00,31.115,TP,1.868602936357079,62 bars
655,LONG,2026-03-09 02:50:00,30.519,2026-03-09 09:10:00,31.175,TP,2.048405911071799,77 bars
656,LONG,2026-03-09 02:55:00,30.553,2026-03-09 09:10:00,31.184,TP,1.9642310084116135,76 bars
657,LONG,2026-03-09 03:00:00,30.554,2026-03-09 09:10:00,31.159,TP,1.879110754729333,75 bars
658,LONG,2026-03-09 04:05:00,30.563,2026-03-09 09:10:00,31.162,TP,1.8589061937637021,62 bars
659,LONG,2026-03-09 04:10:00,30.573,2026-03-09 09:10:00,31.143,TP,1.7634579530958698,61 bars
660,LONG,2026-03-09 04:15:00,30.574,2026-03-09 09:10:00,31.129,TP,1.7143602407274146,60 bars
661,LONG,2026-03-09 03:05:00,30.6,2026-03-09 09:15:00,31.206,TP,1.8794019607843073,75 bars
662,LONG,2026-03-09 04:20:00,30.648,2026-03-09 09:15:00,31.202,TP,1.7067182197859636,60 bars
663,LONG,2026-03-09 04:25:00,30.741,2026-03-09 09:35:00,31.29,TP,1.6849956084707702,63 bars
664,LONG,2026-03-11 17:55:00,36.283,2026-03-12 05:55:00,37.223,TP,2.4894496044979677,145 bars
665,LONG,2026-03-14 09:25:00,37.124,2026-03-14 10:45:00,36.605,SL,-1.4973184462881302,17 bars
666,LONG,2026-03-14 09:30:00,37.076,2026-03-14 10:45:00,36.567,SL,-1.4721693278670847,16 bars
667,LONG,2026-03-14 08:45:00,36.988,2026-03-14 12:25:00,37.428,TP,1.0889802097977659,45 bars
668,LONG,2026-03-14 09:35:00,37.01,2026-03-14 12:25:00,37.401,TP,0.9559429883815331,35 bars
669,LONG,2026-03-14 08:40:00,37.024,2026-03-14 12:30:00,37.466,TP,1.093223314606742,47 bars
670,LONG,2026-03-14 09:00:00,37.044,2026-03-14 12:30:00,37.469,TP,1.0467106683943534,43 bars
671,LONG,2026-03-14 09:05:00,37.085,2026-03-14 12:30:00,37.5,TP,1.0184913037616263,42 bars
672,LONG,2026-03-14 09:10:00,37.061,2026-03-14 12:30:00,37.475,TP,1.0165187123930857,41 bars
673,LONG,2026-03-14 09:15:00,37.048,2026-03-14 12:30:00,37.457,TP,1.003421237313752,40 bars
674,LONG,2026-03-14 09:20:00,37.08,2026-03-14 12:30:00,37.478,TP,0.9728182308522203,39 bars
675,LONG,2026-03-14 07:00:00,37.199,2026-03-14 12:40:00,37.689,TP,1.2165810908895454,69 bars
676,LONG,2026-03-15 14:00:00,37.478,2026-03-15 18:55:00,36.853,SL,-1.7668111959015957,60 bars
677,LONG,2026-03-15 13:55:00,37.473,2026-03-15 19:00:00,36.831,SL,-1.8123769113761796,62 bars
678,LONG,2026-03-16 19:10:00,39.049,2026-03-16 20:25:00,39.728,TP,1.6379715229583394,16 bars
679,LONG,2026-03-16 19:15:00,39.009,2026-03-16 20:25:00,39.703,TP,1.6781870850316658,15 bars
680,LONG,2026-03-16 19:20:00,39.032,2026-03-16 20:25:00,39.712,TP,1.641289198606289,14 bars
681,LONG,2026-03-16 19:25:00,39.03,2026-03-16 20:25:00,39.701,TP,1.6183307712016382,13 bars
682,LONG,2026-03-16 19:35:00,39.14,2026-03-16 20:25:00,39.804,TP,1.595625958099135,11 bars
683,LONG,2026-03-16 19:40:00,39.14,2026-03-16 20:25:00,39.776,TP,1.524123658661223,10 bars
684,LONG,2026-03-16 19:30:00,39.154,2026-03-16 20:30:00,39.842,TP,1.656285436992377,13 bars
685,LONG,2026-03-17 03:00:00,40.412,2026-03-17 06:20:00,41.195,TP,1.8365745323171367,41 bars
686,LONG,2026-03-17 03:05:00,40.376,2026-03-17 06:20:00,41.142,TP,1.79621805032694,40 bars
687,LONG,2026-03-17 03:10:00,40.274,2026-03-17 06:20:00,41.029,TP,1.7737212593732996,39 bars
688,LONG,2026-03-17 02:45:00,40.572,2026-03-17 06:25:00,41.42,TP,1.9890663511781494,45 bars
689,LONG,2026-03-17 02:50:00,40.489,2026-03-17 06:25:00,41.315,TP,1.9390402331497458,44 bars
690,LONG,2026-03-17 02:55:00,40.516,2026-03-17 06:25:00,41.319,TP,1.8809420969493642,43 bars
691,LONG,2026-03-17 14:15:00,40.805,2026-03-17 20:50:00,41.733,TP,2.173093983580437,80 bars
692,LONG,2026-03-20 05:30:00,39.653,2026-03-20 07:55:00,40.355,TP,1.6694726754596076,30 bars
693,LONG,2026-03-19 20:50:00,39.731,2026-03-20 08:05:00,40.611,TP,2.113787722433353,136 bars
694,LONG,2026-03-19 21:10:00,39.6,2026-03-20 08:05:00,40.499,TP,2.169066919191921,132 bars
695,LONG,2026-03-20 05:25:00,39.739,2026-03-20 08:05:00,40.443,TP,1.6706736455371316,33 bars
696,LONG,2026-03-20 05:45:00,39.808,2026-03-20 08:05:00,40.585,TP,1.8508930365755651,29 bars
697,LONG,2026-03-20 05:50:00,39.833,2026-03-20 08:05:00,40.588,TP,1.7944656440639737,28 bars
698,LONG,2026-03-19 20:45:00,39.812,2026-03-20 08:10:00,40.71,TP,2.1544735255701877,138 bars
699,LONG,2026-03-20 13:50:00,39.425,2026-03-20 19:35:00,38.384,SL,-2.7391363348129283,70 bars
700,LONG,2026-03-20 15:30:00,39.221,2026-03-21 16:45:00,40.349,TP,2.774572295453967,304 bars
701,LONG,2026-03-20 15:25:00,39.217,2026-03-21 18:20:00,40.365,TP,2.82583828441748,324 bars
702,LONG,2026-03-23 19:45:00,37.924,2026-03-23 23:10:00,37.082,SL,-2.319119818584534,42 bars
703,LONG,2026-03-24 01:55:00,37.435,2026-03-24 04:05:00,38.101,TP,1.6781942032856867,27 bars
704,LONG,2026-03-24 02:15:00,37.415,2026-03-24 04:05:00,38.084,TP,1.6871588934919257,23 bars
705,LONG,2026-03-24 02:20:00,37.45,2026-03-24 04:05:00,38.104,TP,1.6454552736982548,22 bars
706,LONG,2026-03-24 02:05:00,37.453,2026-03-24 04:10:00,38.159,TP,1.784086722024927,26 bars
707,LONG,2026-03-24 02:10:00,37.46,2026-03-24 04:10:00,38.147,TP,1.7330392418579759,25 bars
708,LONG,2026-03-24 02:25:00,37.487,2026-03-24 04:10:00,38.136,TP,1.6304012057513295,22 bars
709,LONG,2026-03-24 02:30:00,37.528,2026-03-24 04:10:00,38.155,TP,1.5699171285440274,21 bars
710,LONG,2026-03-23 20:20:00,37.773,2026-03-24 07:15:00,38.423,TP,1.6199454636909927,132 bars
711,LONG,2026-03-23 20:25:00,37.808,2026-03-24 07:15:00,38.44,TP,1.57076809140922,131 bars
712,LONG,2026-03-23 19:30:00,37.818,2026-03-24 07:20:00,38.504,TP,1.7130440530964088,143 bars
713,LONG,2026-03-23 19:40:00,37.867,2026-03-24 07:25:00,38.516,TP,1.613036416932952,142 bars
714,LONG,2026-03-23 19:35:00,37.909,2026-03-24 08:00:00,38.579,TP,1.6665066343084802,150 bars
715,LONG,2026-03-24 09:15:00,38.126,2026-03-24 11:10:00,38.719,TP,1.4545913549808622,24 bars
716,LONG,2026-03-24 09:10:00,38.186,2026-03-24 11:25:00,38.782,TP,1.4600010475043121,28 bars
717,LONG,2026-03-24 09:20:00,38.229,2026-03-24 11:25:00,38.83,TP,1.471318894033323,26 bars
718,LONG,2026-03-24 09:25:00,38.218,2026-03-24 11:25:00,38.797,TP,1.4142354387984548,25 bars
719,LONG,2026-03-24 09:30:00,38.233,2026-03-24 11:25:00,38.798,TP,1.377042084063518,24 bars
720,LONG,2026-03-24 09:35:00,38.243,2026-03-24 11:25:00,38.788,TP,1.324384854744645,23 bars
721,LONG,2026-03-24 09:40:00,38.336,2026-03-24 13:10:00,38.873,TP,1.3000717341402312,43 bars
722,LONG,2026-03-24 10:35:00,38.342,2026-03-24 13:15:00,38.893,TP,1.3363478691774087,33 bars
723,LONG,2026-03-24 10:40:00,38.424,2026-03-24 15:10:00,38.969,TP,1.3176751509473292,55 bars
724,LONG,2026-03-24 10:45:00,38.478,2026-03-24 15:10:00,39.017,TP,1.3001000571755328,54 bars
725,LONG,2026-03-24 10:50:00,38.463,2026-03-24 15:10:00,38.998,TP,1.2902516704365146,53 bars
726,LONG,2026-03-24 14:15:00,38.408,2026-03-24 15:20:00,39.376,TP,2.4190481149760372,14 bars
727,LONG,2026-03-24 14:35:00,38.539,2026-03-24 15:40:00,39.601,TP,2.6542722955966616,14 bars
728,LONG,2026-03-25 07:20:00,40.138,2026-03-25 08:00:00,40.554,TP,0.9359061238726492,9 bars
729,LONG,2026-03-25 07:25:00,40.151,2026-03-25 08:00:00,40.562,TP,0.9231239570620762,8 bars
730,LONG,2026-03-25 07:15:00,40.168,2026-03-25 08:05:00,40.601,TP,0.9774335291774542,11 bars
731,LONG,2026-03-25 07:35:00,40.234,2026-03-25 08:05:00,40.672,TP,0.9880871899388459,7 bars
732,LONG,2026-03-25 07:40:00,40.232,2026-03-25 08:05:00,40.657,TP,0.9558448498707425,6 bars
733,LONG,2026-03-25 03:10:00,40.106,2026-03-25 08:20:00,40.722,TP,1.4351618211738881,63 bars
734,LONG,2026-03-25 03:05:00,40.133,2026-03-25 08:25:00,40.755,TP,1.4490718361448183,65 bars
735,LONG,2026-03-25 03:00:00,40.216,2026-03-25 08:30:00,40.848,TP,1.4707280684304702,67 bars
736,LONG,2026-03-25 18:15:00,40.51,2026-03-25 20:25:00,39.738,SL,-2.004749444581581,27 bars
737,LONG,2026-03-25 18:20:00,40.636,2026-03-25 20:25:00,39.86,SL,-2.0086819568855283,26 bars
738,LONG,2026-03-27 18:05:00,38.166,2026-03-27 19:55:00,38.757,TP,1.4477244144002543,23 bars
739,LONG,2026-03-27 18:10:00,38.152,2026-03-27 19:55:00,38.73,TP,1.4142351646047278,22 bars
740,LONG,2026-03-27 18:15:00,38.115,2026-03-27 19:55:00,38.676,TP,1.3711255411255407,21 bars
741,LONG,2026-03-27 18:20:00,38.223,2026-03-27 19:55:00,38.801,TP,1.4114224419852,20 bars
742,LONG,2026-03-27 18:25:00,38.141,2026-03-27 19:55:00,38.745,TP,1.4828059044073285,19 bars
743,LONG,2026-03-27 18:30:00,38.195,2026-03-27 19:55:00,38.786,TP,1.4465492865558347,18 bars
744,LONG,2026-03-27 18:35:00,38.274,2026-03-27 20:05:00,38.856,TP,1.4198542091236892,19 bars
745,LONG,2026-03-27 18:40:00,38.289,2026-03-27 20:05:00,38.85,TP,1.3644401786413851,18 bars
746,LONG,2026-03-27 14:35:00,38.29,2026-03-28 06:35:00,39.014,TP,1.7898876991381663,193 bars
747,LONG,2026-03-27 20:55:00,38.46,2026-03-28 06:35:00,39.053,TP,1.4410907436297355,117 bars
748,LONG,2026-03-27 21:00:00,38.429,2026-03-28 06:35:00,38.997,TP,1.377311405449004,116 bars
749,LONG,2026-03-27 21:05:00,38.498,2026-03-28 06:35:00,39.061,TP,1.3616824250610484,115 bars
750,LONG,2026-03-27 21:10:00,38.464,2026-03-28 06:35:00,39.004,TP,1.3032081946755383,114 bars
751,LONG,2026-03-27 14:20:00,38.334,2026-03-28 06:50:00,39.065,TP,1.8059698961757045,199 bars
752,LONG,2026-03-27 14:40:00,38.356,2026-03-28 06:50:00,39.065,TP,1.7475479716341538,195 bars
753,LONG,2026-03-27 17:10:00,38.609,2026-03-28 07:05:00,39.256,TP,1.5749371908104288,168 bars
754,LONG,2026-03-28 11:45:00,39.321,2026-03-28 12:15:00,39.736,TP,0.9548879733475729,7 bars
755,LONG,2026-04-01 00:45:00,36.462,2026-04-01 05:20:00,36.958,TP,1.2596401733311258,56 bars
756,LONG,2026-04-01 00:50:00,36.478,2026-04-01 05:20:00,36.963,TP,1.2289037227918183,55 bars
757,LONG,2026-04-01 00:55:00,36.568,2026-04-01 05:40:00,37.064,TP,1.2556989717786102,58 bars
758,LONG,2026-04-01 01:00:00,36.569,2026-04-01 05:40:00,37.056,TP,1.2310631956028184,57 bars
759,LONG,2026-03-31 19:25:00,36.567,2026-04-01 05:55:00,37.25,TP,1.7668704022752753,127 bars
760,LONG,2026-03-31 19:15:00,36.638,2026-04-01 06:15:00,37.372,TP,1.9023827719853754,133 bars
761,LONG,2026-03-31 19:20:00,36.603,2026-04-01 06:15:00,37.323,TP,1.8660683550528614,132 bars
762,LONG,2026-03-31 19:30:00,36.627,2026-04-01 06:15:00,37.318,TP,1.7856431048133763,130 bars
763,LONG,2026-04-04 09:45:00,35.64,2026-04-04 10:40:00,35.814,TP,0.38797138047137897,12 bars
764,LONG,2026-04-04 09:25:00,35.652,2026-04-04 12:00:00,35.846,TP,0.44387692135082324,32 bars
765,LONG,2026-04-04 09:35:00,35.66,2026-04-04 12:00:00,35.845,TP,0.41852916432978765,30 bars
766,LONG,2026-04-04 09:40:00,35.662,2026-04-04 12:00:00,35.84,TP,0.39888116202121127,29 bars
767,LONG,2026-04-04 09:50:00,35.677,2026-04-04 12:00:00,35.854,TP,0.3958698881632412,27 bars
768,LONG,2026-04-04 09:55:00,35.685,2026-04-04 12:00:00,35.856,TP,0.3789533417402252,26 bars
769,LONG,2026-04-04 10:00:00,35.667,2026-04-04 12:00:00,35.836,TP,0.37359043373425554,25 bars
770,LONG,2026-04-04 10:05:00,35.69,2026-04-04 12:00:00,35.859,TP,0.37328523395910357,24 bars
771,LONG,2026-04-04 09:20:00,35.661,2026-04-04 12:05:00,35.864,TP,0.46896469532541385,34 bars
772,LONG,2026-04-04 09:30:00,35.682,2026-04-04 12:05:00,35.872,TP,0.43221512247070704,32 bars
773,LONG,2026-04-04 09:10:00,35.676,2026-04-04 12:10:00,35.89,TP,0.49954311021414566,37 bars
774,LONG,2026-04-04 09:15:00,35.686,2026-04-04 12:10:00,35.892,TP,0.4769685590988148,36 bars
775,LONG,2026-04-05 18:15:00,35.531,2026-04-05 18:35:00,35.801,TP,0.6595198559004901,5 bars
776,LONG,2026-04-06 06:05:00,36.896,2026-04-06 08:30:00,37.316,TP,1.0377656114484002,30 bars
777,LONG,2026-04-06 06:30:00,36.821,2026-04-06 08:30:00,37.287,TP,1.1649493495559629,25 bars
778,LONG,2026-04-06 06:35:00,36.81,2026-04-06 08:30:00,37.268,TP,1.143604998641669,24 bars
779,LONG,2026-04-06 06:40:00,36.811,2026-04-06 08:30:00,37.252,TP,1.0974124582326001,23 bars
780,LONG,2026-04-06 07:05:00,36.91,2026-04-06 08:30:00,37.324,TP,1.0210864264427024,18 bars
781,LONG,2026-04-06 07:10:00,36.893,2026-04-06 08:30:00,37.301,TP,1.0053478979752288,17 bars
782,LONG,2026-04-06 07:15:00,36.914,2026-04-06 08:30:00,37.316,TP,0.9884732079969686,16 bars
783,LONG,2026-04-06 07:00:00,36.948,2026-04-06 08:35:00,37.365,TP,1.0280488795063376,20 bars
784,LONG,2026-04-06 06:10:00,36.988,2026-04-06 09:10:00,37.43,TP,1.0943846652968536,37 bars
785,LONG,2026-04-06 06:55:00,36.966,2026-04-06 09:10:00,37.402,TP,1.0788724774116754,28 bars
786,LONG,2026-04-06 07:20:00,36.971,2026-04-06 09:10:00,37.393,TP,1.0408644613345708,23 bars
787,LONG,2026-04-09 14:35:00,38.874,2026-04-09 15:15:00,39.483,TP,1.4658164840252987,9 bars
788,LONG,2026-04-09 14:30:00,38.873,2026-04-09 15:20:00,39.496,TP,1.5018534715612502,11 bars
789,LONG,2026-04-09 14:40:00,38.928,2026-04-09 15:30:00,39.53,TP,1.4456714960953656,11 bars
790,LONG,2026-04-09 22:45:00,39.722,2026-04-10 01:50:00,40.365,TP,1.5179409395297332,38 bars
791,LONG,2026-04-12 00:05:00,42.226,2026-04-12 01:00:00,42.782,TP,1.2160659309430146,12 bars
792,LONG,2026-04-12 00:10:00,42.268,2026-04-12 01:00:00,42.81,TP,1.1816527869783324,11 bars
793,LONG,2026-04-12 00:20:00,42.299,2026-04-12 01:00:00,42.805,TP,1.0956476512447109,9 bars
794,LONG,2026-04-12 00:15:00,42.287,2026-04-12 01:40:00,41.581,SL,-1.768709059521829,18 bars
795,LONG,2026-04-12 00:25:00,42.393,2026-04-12 01:40:00,41.719,SL,-1.689090179982543,16 bars
796,LONG,2026-04-14 03:40:00,44.572,2026-04-14 15:00:00,43.566,SL,-2.355893834694428,137 bars
797,LONG,2026-04-14 20:05:00,43.404,2026-04-15 01:25:00,44.125,TP,1.5603066537646217,65 bars
798,LONG,2026-04-14 20:10:00,43.474,2026-04-15 01:25:00,44.168,TP,1.4955582647099475,64 bars
799,LONG,2026-04-15 18:25:00,44.33,2026-04-15 19:20:00,44.96,TP,1.3204489059327826,12 bars
800,LONG,2026-04-15 18:30:00,44.309,2026-04-15 19:20:00,44.951,TP,1.348191112415092,11 bars
801,LONG,2026-04-15 18:20:00,44.354,2026-04-15 19:25:00,44.992,TP,1.337707985750999,14 bars
802,LONG,2026-04-15 18:15:00,44.387,2026-04-15 19:30:00,45.045,TP,1.381674814698,16 bars
803,LONG,2026-04-15 16:55:00,44.498,2026-04-15 19:35:00,45.276,TP,1.647518989617524,33 bars
804,LONG,2026-04-15 18:35:00,44.52,2026-04-15 19:35:00,45.2,TP,1.4266397124887684,13 bars
805,LONG,2026-04-16 01:05:00,44.338,2026-04-16 02:40:00,44.891,TP,1.1466135143669025,20 bars
806,LONG,2026-04-16 01:20:00,44.206,2026-04-16 02:40:00,44.778,TP,1.1932950278242673,17 bars
807,LONG,2026-04-16 01:35:00,44.306,2026-04-16 03:15:00,44.945,TP,1.3415214643614928,21 bars
808,LONG,2026-04-16 00:25:00,44.443,2026-04-16 03:20:00,44.994,TP,1.1391703980379406,36 bars
809,LONG,2026-04-16 00:30:00,44.481,2026-04-16 03:20:00,45.017,TP,1.1044063757559435,35 bars
810,LONG,2026-04-16 00:35:00,44.548,2026-04-16 03:20:00,45.079,TP,1.0913767172488076,34 bars
811,LONG,2026-04-16 00:55:00,44.408,2026-04-16 03:20:00,44.96,TP,1.1423977661682567,30 bars
812,LONG,2026-04-16 01:00:00,44.427,2026-04-16 03:20:00,44.968,TP,1.1171190942444995,29 bars
813,LONG,2026-04-16 01:30:00,44.334,2026-04-16 03:20:00,44.967,TP,1.3270841791852652,23 bars
814,LONG,2026-04-16 01:40:00,44.395,2026-04-16 03:20:00,45.042,TP,1.3566426399369262,21 bars
815,LONG,2026-04-17 20:55:00,44.388,2026-04-18 01:05:00,44.988,TP,1.251040821843745,51 bars
816,LONG,2026-04-17 21:55:00,44.57,2026-04-18 01:10:00,45.152,TP,1.2051581781467373,40 bars
817,LONG,2026-04-18 00:10:00,44.467,2026-04-18 01:10:00,45.003,TP,1.1047855713225567,13 bars
818,LONG,2026-04-17 21:50:00,44.569,2026-04-18 01:15:00,45.184,TP,1.2791929367946218,42 bars
819,LONG,2026-04-17 22:15:00,44.623,2026-04-18 01:15:00,45.183,TP,1.1543307263070666,37 bars
820,LONG,2026-04-17 22:10:00,44.633,2026-04-18 03:05:00,45.212,TP,1.1965978087961837,60 bars
821,LONG,2026-04-20 05:15:00,40.912,2026-04-20 06:40:00,41.433,TP,1.1728282655455629,18 bars
822,LONG,2026-04-20 04:45:00,41.066,2026-04-20 07:20:00,41.533,TP,1.036625188720593,32 bars
823,LONG,2026-04-20 04:50:00,41.051,2026-04-20 12:45:00,41.54,TP,1.0906055881708052,96 bars
824,LONG,2026-04-20 04:40:00,41.077,2026-04-20 12:50:00,41.549,TP,1.048486987852086,99 bars
825,LONG,2026-04-21 07:15:00,40.788,2026-04-21 08:45:00,41.229,TP,0.980659752868497,19 bars
826,LONG,2026-04-21 13:15:00,40.729,2026-04-21 15:10:00,39.976,SL,-1.9478811166490708,24 bars
827,LONG,2026-04-21 13:20:00,40.687,2026-04-21 15:10:00,39.953,SL,-1.903114016762098,23 bars
828,LONG,2026-04-22 20:50:00,40.835,2026-04-22 21:45:00,41.381,TP,1.2364197379698774,12 bars
829,LONG,2026-04-22 20:55:00,40.898,2026-04-22 21:45:00,41.436,TP,1.2148100151596575,11 bars
830,LONG,2026-04-22 21:00:00,40.887,2026-04-22 21:45:00,41.408,TP,1.1736065253014425,10 bars
831,LONG,2026-04-22 21:05:00,41.004,2026-04-22 21:50:00,41.536,TP,1.1967856794459169,10 bars
832,LONG,2026-04-23 02:45:00,40.824,2026-04-23 14:20:00,41.378,TP,1.2563663531256175,140 bars
833,LONG,2026-04-23 02:50:00,40.918,2026-04-23 14:25:00,41.47,TP,1.2483650227283827,140 bars
834,LONG,2026-04-23 02:25:00,40.952,2026-04-23 14:35:00,41.496,TP,1.2277202578628736,147 bars
835,LONG,2026-04-23 02:00:00,41.058,2026-04-23 15:00:00,41.617,TP,1.2608078815334343,157 bars
836,LONG,2026-04-23 01:40:00,41.069,2026-04-23 15:15:00,41.693,TP,1.4186344931700192,164 bars
837,LONG,2026-04-23 01:45:00,41.107,2026-04-23 15:15:00,41.708,TP,1.361307076653609,163 bars
838,LONG,2026-04-23 01:50:00,41.153,2026-04-23 15:15:00,41.731,TP,1.3038126017544356,162 bars
839,LONG,2026-04-25 05:25:00,41.087,2026-04-25 08:00:00,41.281,TP,0.37193272811350425,32 bars
840,LONG,2026-04-25 05:45:00,41.095,2026-04-25 08:05:00,41.284,TP,0.35968000973354436,29 bars
841,LONG,2026-04-25 05:50:00,41.099,2026-04-25 08:05:00,41.288,TP,0.3596352709311663,28 bars
842,LONG,2026-04-25 05:40:00,41.096,2026-04-25 09:05:00,41.291,TP,0.3742614853027066,42 bars
843,LONG,2026-04-25 05:55:00,41.108,2026-04-25 09:05:00,41.291,TP,0.34494623917485606,39 bars
844,LONG,2026-04-26 09:15:00,41.141,2026-04-26 16:30:00,41.383,TP,0.48792688558859637,88 bars
845,LONG,2026-04-26 09:05:00,41.139,2026-04-26 16:35:00,41.391,TP,0.5122511485451647,91 bars
846,LONG,2026-04-26 08:55:00,41.159,2026-04-26 17:45:00,41.414,TP,0.5192388056075283,107 bars
847,LONG,2026-04-26 09:10:00,41.146,2026-04-26 17:45:00,41.401,TP,0.5194344529237412,104 bars
848,LONG,2026-04-26 08:35:00,41.2,2026-04-26 18:00:00,41.479,TP,0.576845873786399,114 bars
849,LONG,2026-04-26 08:40:00,41.199,2026-04-26 18:00:00,41.477,TP,0.5744362727250629,113 bars
850,LONG,2026-04-26 07:55:00,41.23,2026-04-26 18:10:00,41.52,TP,0.6030196458889311,124 bars
851,LONG,2026-04-26 08:00:00,41.232,2026-04-26 18:10:00,41.513,TP,0.5811687524252979,123 bars
852,LONG,2026-04-26 08:05:00,41.276,2026-04-26 18:10:00,41.566,TP,0.6022361662951816,122 bars
853,LONG,2026-04-27 12:40:00,42.195,2026-04-27 14:05:00,42.556,TP,0.7551238298376516,18 bars
854,LONG,2026-04-27 12:45:00,42.26,2026-04-27 14:05:00,42.62,TP,0.7514434453383801,17 bars
855,LONG,2026-04-27 11:25:00,42.324,2026-04-27 14:20:00,42.713,TP,0.818640723939143,36 bars
856,LONG,2026-04-28 17:35:00,39.614,2026-04-28 23:55:00,40.157,TP,1.270042156813246,77 bars
857,LONG,2026-04-28 17:50:00,39.688,2026-04-28 23:55:00,40.187,TP,1.1566783410602581,74 bars
858,LONG,2026-04-28 18:00:00,39.691,2026-04-28 23:55:00,40.175,TP,1.1188103096419708,72 bars
859,LONG,2026-04-28 17:40:00,39.668,2026-04-29 01:45:00,40.202,TP,1.2455001512554171,98 bars
860,LONG,2026-04-28 17:45:00,39.693,2026-04-29 01:45:00,40.21,TP,1.2018454135489962,97 bars
861,LONG,2026-04-28 17:00:00,39.708,2026-04-29 01:50:00,40.264,TP,1.2995215070011195,107 bars
862,LONG,2026-04-28 17:10:00,39.703,2026-04-29 01:50:00,40.266,TP,1.3173198498853873,105 bars
863,LONG,2026-04-28 17:15:00,39.715,2026-04-29 01:50:00,40.255,TP,1.259007931512021,104 bars
864,LONG,2026-04-28 17:05:00,39.716,2026-04-29 03:15:00,40.297,TP,1.3621550508611036,123 bars
865,LONG,2026-04-28 16:05:00,39.808,2026-04-29 03:35:00,40.46,TP,1.5370428054662404,139 bars
866,LONG,2026-04-28 16:10:00,39.843,2026-04-29 03:35:00,40.476,TP,1.4879414200737784,138 bars
867,LONG,2026-04-28 16:15:00,39.873,2026-04-29 03:35:00,40.495,TP,1.4591728738745515,137 bars
868,LONG,2026-05-01 05:20:00,40.125,2026-05-01 08:45:00,40.477,TP,0.7768199376946959,42 bars
869,LONG,2026-05-03 12:25:00,41.152,2026-05-03 16:05:00,40.687,SL,-1.229392253110428,45 bars
870,LONG,2026-05-03 12:30:00,41.11,2026-05-03 16:05:00,40.657,SL,-1.2013707127219726,44 bars
871,LONG,2026-05-03 11:15:00,41.004,2026-05-03 20:40:00,41.324,TP,0.6800214613208475,114 bars
872,LONG,2026-05-03 11:20:00,40.994,2026-05-03 20:40:00,41.312,TP,0.6753354149387663,113 bars
873,LONG,2026-05-03 11:35:00,41.012,2026-05-03 20:45:00,41.339,TP,0.6969289476250808,111 bars
874,LONG,2026-05-03 12:00:00,40.985,2026-05-03 20:45:00,41.353,TP,0.7974405270220863,106 bars
875,LONG,2026-05-03 12:05:00,40.996,2026-05-03 20:45:00,41.359,TP,0.7850095131232302,105 bars
876,LONG,2026-05-03 11:40:00,41.075,2026-05-03 22:10:00,41.416,TP,0.7297735849056457,127 bars
877,LONG,2026-05-03 12:10:00,41.031,2026-05-03 22:10:00,41.385,TP,0.7623309205235048,121 bars
878,LONG,2026-05-03 11:45:00,41.105,2026-05-03 22:15:00,41.451,TP,0.7413258727648795,127 bars
879,LONG,2026-05-03 12:15:00,41.103,2026-05-03 22:15:00,41.468,TP,0.7875690338904751,121 bars
880,LONG,2026-05-03 12:20:00,41.126,2026-05-03 22:15:00,41.483,TP,0.7676299664445833,120 bars
881,LONG,2026-05-04 18:55:00,41.341,2026-05-04 21:20:00,41.822,TP,1.0629121211388248,30 bars
882,LONG,2026-05-04 19:05:00,41.346,2026-05-04 21:20:00,41.818,TP,1.0410148502878185,28 bars
883,LONG,2026-05-04 18:50:00,41.404,2026-05-04 21:35:00,41.886,TP,1.0635566611921534,34 bars
884,LONG,2026-05-04 19:00:00,41.418,2026-05-04 21:35:00,41.891,TP,1.0414445410208097,32 bars
885,LONG,2026-05-04 19:20:00,41.408,2026-05-04 21:35:00,41.877,TP,1.0320650598918113,28 bars
886,LONG,2026-05-04 18:35:00,41.52,2026-05-04 21:40:00,42.025,TP,1.115673169556829,38 bars
887,LONG,2026-05-04 19:10:00,41.441,2026-05-04 21:40:00,41.924,TP,1.0649296590333173,31 bars
888,LONG,2026-05-04 19:15:00,41.478,2026-05-04 21:40:00,41.948,TP,1.0325642509282003,30 bars
889,LONG,2026-05-04 16:35:00,41.439,2026-05-04 21:45:00,42.193,TP,1.718632206375631,63 bars
890,LONG,2026-05-04 16:40:00,41.438,2026-05-04 21:45:00,42.157,TP,1.6342547902890925,62 bars
891,LONG,2026-05-04 16:45:00,41.49,2026-05-04 21:45:00,42.186,TP,1.5766738973246515,61 bars
892,LONG,2026-05-04 17:05:00,41.488,2026-05-04 21:45:00,42.137,TP,1.4635255977632107,57 bars
893,LONG,2026-05-05 03:10:00,41.971,2026-05-05 03:40:00,42.427,TP,0.9859212313263994,7 bars
894,LONG,2026-05-05 03:15:00,42.112,2026-05-05 04:50:00,42.596,TP,1.0487414513677684,20 bars
895,LONG,2026-05-05 03:25:00,42.138,2026-05-05 04:50:00,42.631,TP,1.0693803692629031,18 bars
896,LONG,2026-05-05 03:20:00,42.179,2026-05-05 05:35:00,42.669,TP,1.0611346878778416,28 bars
897,LONG,2026-05-05 03:30:00,42.186,2026-05-05 05:35:00,42.665,TP,1.034880054994546,26 bars
898,LONG,2026-05-05 03:35:00,42.225,2026-05-05 05:35:00,42.691,TP,1.0030597986974568,25 bars
899,LONG,2026-05-05 17:10:00,43.936,2026-05-05 18:10:00,44.518,TP,1.2239917152221431,13 bars
900,LONG,2026-05-05 17:15:00,44.019,2026-05-05 21:00:00,44.591,TP,1.198789159226704,46 bars
901,LONG,2026-05-05 17:20:00,44.106,2026-05-06 12:00:00,44.673,TP,1.1848966127057545,225 bars
902,LONG,2026-05-05 20:25:00,44.261,2026-05-06 12:00:00,44.816,TP,1.1532986150335502,188 bars
903,LONG,2026-05-05 23:00:00,44.188,2026-05-06 12:00:00,44.77,TP,1.216441115234907,157 bars
904,LONG,2026-05-06 10:05:00,44.068,2026-05-06 12:00:00,44.666,TP,1.256315240083505,24 bars
905,LONG,2026-05-05 22:55:00,44.271,2026-05-06 14:05:00,43.497,SL,-1.8474486684285443,183 bars
906,LONG,2026-05-07 09:50:00,42.827,2026-05-07 14:25:00,42.204,SL,-1.5539624535923542,56 bars
907,LONG,2026-05-07 09:55:00,42.793,2026-05-07 14:25:00,42.19,SL,-1.5084044119365352,55 bars
908,LONG,2026-05-07 10:00:00,42.804,2026-05-07 14:25:00,42.211,SL,-1.4846918512288654,54 bars
909,LONG,2026-05-07 10:05:00,42.82,2026-05-07 14:25:00,42.252,SL,-1.4258197104156884,53 bars
910,LONG,2026-05-07 19:30:00,42.14,2026-05-07 21:35:00,42.596,TP,0.9815662078784907,26 bars
911,LONG,2026-05-07 19:35:00,42.189,2026-05-07 22:25:00,42.632,TP,0.9495117210647275,35 bars
912,LONG,2026-05-07 19:45:00,42.241,2026-05-07 22:25:00,42.661,TP,0.893797495324452,33 bars
913,LONG,2026-05-07 19:55:00,42.232,2026-05-07 22:25:00,42.642,TP,0.8703423943928862,31 bars
914,LONG,2026-05-07 19:50:00,42.27,2026-05-08 00:10:00,42.676,TP,0.8600118287201296,53 bars
915,LONG,2026-05-07 19:15:00,42.222,2026-05-08 00:30:00,42.699,TP,1.02917791672587,64 bars
916,LONG,2026-05-07 19:40:00,42.263,2026-05-08 00:30:00,42.703,TP,0.9405792300594015,59 bars
917,LONG,2026-05-07 20:00:00,42.32,2026-05-08 00:30:00,42.73,TP,0.8683246691871375,55 bars
918,LONG,2026-05-08 21:15:00,43.114,2026-05-09 01:15:00,43.564,TP,0.9432226191028504,49 bars
919,LONG,2026-05-08 21:20:00,43.132,2026-05-09 01:15:00,43.571,TP,0.9172969025317631,48 bars
920,LONG,2026-05-08 20:45:00,43.162,2026-05-09 01:20:00,43.635,TP,0.9953234326490874,56 bars
921,LONG,2026-05-09 08:40:00,43.909,2026-05-09 09:30:00,44.265,TP,0.7103623402947041,11 bars
922,LONG,2026-05-09 05:35:00,44.037,2026-05-09 09:45:00,43.483,SL,-1.3574040011808302,51 bars
923,LONG,2026-05-09 05:30:00,43.935,2026-05-09 10:05:00,43.407,SL,-1.3011744622738268,56 bars
924,LONG,2026-05-09 09:05:00,43.913,2026-05-09 10:20:00,43.322,SL,-1.4451699952178036,16 bars
925,LONG,2026-05-11 06:55:00,41.989,2026-05-11 11:45:00,41.405,SL,-1.49014503798613,59 bars
926,LONG,2026-05-13 19:35:00,39.108,2026-05-14 03:00:00,38.653,SL,-1.262863097064535,90 bars
927,LONG,2026-05-14 09:15:00,38.987,2026-05-14 12:00:00,39.326,TP,0.7690858491291935,34 bars
928,LONG,2026-05-14 09:20:00,39.025,2026-05-14 12:00:00,39.36,TP,0.757994875080079,33 bars
929,LONG,2026-05-14 09:25:00,39.076,2026-05-14 12:00:00,39.406,TP,0.7440858839185135,32 bars
930,LONG,2026-05-14 09:40:00,38.925,2026-05-14 12:00:00,39.295,TP,0.8500706486833773,29 bars
931,LONG,2026-05-14 09:45:00,39.017,2026-05-14 12:00:00,39.405,TP,0.8939411025962993,28 bars
932,LONG,2026-05-14 09:50:00,39.023,2026-05-14 12:00:00,39.407,TP,0.883543038720737,27 bars
933,LONG,2026-05-14 11:05:00,39.031,2026-05-14 12:00:00,39.387,TP,0.8116394660654395,12 bars
934,LONG,2026-05-14 11:10:00,39.066,2026-05-14 12:00:00,39.414,TP,0.7903547842113321,11 bars
935,LONG,2026-05-14 11:15:00,38.973,2026-05-14 12:00:00,39.327,TP,0.8078669848356537,10 bars
936,LONG,2026-05-14 11:20:00,39.004,2026-05-14 12:00:00,39.349,TP,0.7840824018049402,9 bars
937,LONG,2026-05-14 11:50:00,38.982,2026-05-14 12:00:00,39.309,TP,0.7384292750500185,3 bars
938,LONG,2026-05-15 00:05:00,44.221,2026-05-15 00:35:00,45.056,TP,1.787299020827211,7 bars
939,LONG,2026-05-15 00:10:00,44.402,2026-05-15 00:45:00,45.24,TP,1.7863587225800663,8 bars
940,LONG,2026-05-15 11:05:00,45.336,2026-05-15 12:45:00,43.848,SL,-3.380518793012175,21 bars
941,LONG,2026-05-15 11:30:00,45.472,2026-05-15 12:45:00,44.054,SL,-3.216843332160449,16 bars
942,LONG,2026-05-15 11:35:00,45.457,2026-05-15 12:45:00,44.088,SL,-3.110131552896143,15 bars
943,LONG,2026-05-15 12:25:00,45.621,2026-05-15 12:45:00,44.227,SL,-3.1540825497029994,5 bars
944,LONG,2026-05-15 12:35:00,45.57,2026-05-15 12:45:00,44.222,SL,-3.0566074171604103,3 bars
945,LONG,2026-05-17 01:25:00,41.712,2026-05-17 03:35:00,42.366,TP,1.467110184119669,27 bars
946,LONG,2026-05-19 05:20:00,47.308,2026-05-19 07:15:00,48.18,TP,1.74231842394521,24 bars
947,LONG,2026-05-19 05:25:00,47.287,2026-05-19 07:15:00,48.152,TP,1.728340770190543,23 bars
948,LONG,2026-05-19 05:00:00,47.447,2026-05-19 07:25:00,48.41,TP,1.9286182477290321,30 bars
949,LONG,2026-05-19 05:05:00,47.448,2026-05-19 07:25:00,48.385,TP,1.8738060613724448,29 bars
950,LONG,2026-05-19 05:10:00,47.495,2026-05-19 07:25:00,48.396,TP,1.7960932729761097,28 bars
951,LONG,2026-05-19 05:15:00,47.392,2026-05-19 07:25:00,48.282,TP,1.7770151080350978,27 bars
952,LONG,2026-05-19 05:30:00,47.383,2026-05-19 07:25:00,48.251,TP,1.730964691978125,24 bars
953,LONG,2026-05-19 05:45:00,47.455,2026-05-19 07:25:00,48.346,TP,1.7766294384153372,21 bars
954,LONG,2026-05-19 05:50:00,47.483,2026-05-19 07:25:00,48.402,TP,1.834461807383704,20 bars
955,LONG,2026-05-19 05:55:00,47.417,2026-05-19 07:25:00,48.319,TP,1.8013202016154566,19 bars
956,LONG,2026-05-19 05:35:00,47.518,2026-05-19 11:00:00,48.433,TP,1.8246233006439647,66 bars
957,LONG,2026-05-19 05:40:00,47.561,2026-05-19 11:05:00,48.457,TP,1.7829545215617855,66 bars
958,LONG,2026-05-19 08:25:00,47.627,2026-05-19 11:10:00,48.555,TP,1.8475003674386319,34 bars
959,LONG,2026-05-19 08:35:00,47.709,2026-05-19 11:10:00,48.625,TP,1.8190131840952373,32 bars
960,LONG,2026-05-19 08:50:00,47.869,2026-05-19 17:15:00,48.776,TP,1.7938070567590787,102 bars
961,LONG,2026-05-19 08:55:00,47.841,2026-05-19 17:15:00,48.753,TP,1.8053615100018794,101 bars
962,LONG,2026-05-19 09:00:00,48.024,2026-05-20 09:35:00,48.95,TP,1.8272384641012864,296 bars
963,LONG,2026-05-21 19:10:00,58.283,2026-05-22 11:40:00,60.372,TP,3.4824434226103635,199 bars
964,LONG,2026-05-21 18:55:00,58.563,2026-05-22 11:50:00,60.762,TP,3.653053122278569,204 bars
965,LONG,2026-05-21 19:00:00,58.525,2026-05-22 11:50:00,60.655,TP,3.537650576676638,203 bars
966,LONG,2026-05-21 19:05:00,58.547,2026-05-22 11:50:00,60.639,TP,3.471411003125704,202 bars
967,LONG,2026-05-21 18:50:00,58.67,2026-05-22 11:55:00,60.902,TP,3.702427134821883,206 bars
968,LONG,2026-05-21 18:30:00,58.985,2026-05-22 12:15:00,61.294,TP,3.812597270492494,214 bars
969,LONG,2026-05-21 18:40:00,59.141,2026-05-22 12:15:00,61.344,TP,3.6231336974349486,212 bars
970,LONG,2026-05-21 18:45:00,59.016,2026-05-22 12:15:00,61.181,TP,3.566662430527313,211 bars
971,LONG,2026-05-24 04:15:00,59.873,2026-05-24 05:45:00,61.414,TP,2.472494279558405,19 bars
972,LONG,2026-05-24 04:20:00,59.852,2026-05-24 05:45:00,61.333,TP,2.37319972599078,18 bars
973,LONG,2026-05-24 04:25:00,59.943,2026-05-24 05:45:00,61.403,TP,2.334429374572512,17 bars
974,LONG,2026-05-24 04:30:00,59.75,2026-05-24 05:45:00,61.179,TP,2.290435983263602,16 bars
975,LONG,2026-05-24 04:35:00,59.807,2026-05-24 05:45:00,61.183,TP,2.199583660775491,15 bars
976,LONG,2026-05-24 04:40:00,59.817,2026-05-24 05:45:00,61.14,TP,2.110639951853153,14 bars
977,LONG,2026-05-24 04:50:00,60.006,2026-05-24 05:45:00,61.241,TP,1.9570984568209837,12 bars
978,LONG,2026-05-24 03:50:00,60.234,2026-05-24 06:40:00,61.717,TP,2.3608335823621163,35 bars
979,LONG,2026-05-24 04:00:00,60.165,2026-05-24 06:40:00,61.617,TP,2.312156569434053,33 bars
980,LONG,2026-05-24 04:10:00,60.188,2026-05-24 06:40:00,61.695,TP,2.4025694490596097,31 bars
981,LONG,2026-05-24 03:55:00,60.411,2026-05-24 06:50:00,61.875,TP,2.3221880121169964,36 bars
982,LONG,2026-05-24 04:05:00,60.569,2026-05-24 07:00:00,62.051,TP,2.3455728177780704,36 bars
983,LONG,2026-05-27 12:15:00,62.652,2026-05-27 13:35:00,60.823,SL,-3.0178406116325105,17 bars
984,LONG,2026-05-27 22:30:00,59.704,2026-05-27 23:10:00,58.003,SL,-2.9476308120058965,9 bars
985,LONG,2026-05-27 22:35:00,59.745,2026-05-27 23:10:00,58.082,SL,-2.882104778642559,8 bars
986,LONG,2026-05-29 01:50:00,61.611,2026-05-29 08:00:00,63.169,TP,2.4275048286831895,75 bars
987,LONG,2026-05-29 02:15:00,61.665,2026-05-29 08:00:00,63.142,TP,2.294002270331637,70 bars
988,LONG,2026-05-29 02:20:00,61.56,2026-05-29 08:00:00,63.003,TP,2.2428825536062345,69 bars
989,LONG,2026-05-29 02:10:00,61.881,2026-05-29 08:20:00,63.34,TP,2.2565722919797726,75 bars
990,LONG,2026-05-29 01:55:00,61.882,2026-05-29 09:20:00,63.467,TP,2.460045732199995,90 bars
991,LONG,2026-05-29 02:00:00,61.936,2026-05-29 09:20:00,63.472,TP,2.3787393438388036,89 bars
992,LONG,2026-05-29 02:05:00,61.849,2026-05-29 09:20:00,63.363,TP,2.346673349609538,88 bars
993,LONG,2026-05-30 00:00:00,64.441,2026-05-30 02:15:00,65.887,TP,2.1427910802129047,28 bars
994,LONG,2026-05-30 00:10:00,64.499,2026-05-30 02:15:00,66.029,TP,2.2709437355617936,26 bars
995,LONG,2026-05-30 00:15:00,64.439,2026-05-30 02:15:00,65.971,TP,2.2762535110725044,25 bars
996,LONG,2026-05-30 00:20:00,64.5,2026-05-30 02:15:00,65.989,TP,2.207372868217061,24 bars
997,LONG,2026-05-30 00:25:00,64.653,2026-05-30 05:35:00,66.117,TP,2.1632638856665563,63 bars
998,LONG,2026-05-29 23:10:00,64.625,2026-05-30 05:40:00,66.155,TP,2.266321083172149,79 bars
999,LONG,2026-05-29 22:35:00,64.693,2026-05-30 09:05:00,66.408,TP,2.5496568407710316,127 bars
1000,LONG,2026-05-29 22:45:00,64.715,2026-05-30 09:05:00,66.386,TP,2.4807996600478903,125 bars
1001,LONG,2026-05-29 22:25:00,64.693,2026-05-30 09:20:00,66.486,TP,2.6701660148702433,132 bars
1002,LONG,2026-05-29 21:25:00,65.044,2026-05-30 10:45:00,66.704,TP,2.4508425066109045,161 bars
1003,LONG,2026-05-29 21:20:00,65.299,2026-05-30 10:50:00,66.958,TP,2.439350526041734,163 bars
1004,LONG,2026-05-29 21:15:00,65.665,2026-05-30 11:35:00,67.313,TP,2.4084535140485737,173 bars
1005,LONG,2026-05-31 07:20:00,69.285,2026-05-31 11:20:00,67.461,SL,-2.7312881576098698,49 bars
1006,LONG,2026-05-31 07:30:00,69.253,2026-05-31 11:20:00,67.48,SL,-2.658897809481173,47 bars
1007,LONG,2026-05-31 07:45:00,69.504,2026-05-31 11:20:00,67.663,SL,-2.74744403199817,44 bars
1008,LONG,2026-05-31 07:50:00,69.418,2026-05-31 11:20:00,67.564,SL,-2.7694416433778173,43 bars
1009,LONG,2026-05-31 08:05:00,69.536,2026-05-31 11:20:00,67.626,SL,-2.8454052577082325,40 bars
1010,LONG,2026-05-31 17:10:00,68.121,2026-05-31 20:35:00,69.497,TP,1.9189251478985991,42 bars
1011,LONG,2026-05-31 17:15:00,68.228,2026-05-31 20:35:00,69.586,TP,1.8893899865158061,41 bars
1012,LONG,2026-05-31 17:20:00,68.304,2026-05-31 20:35:00,69.641,TP,1.856446913797147,40 bars
1013,LONG,2026-05-31 17:25:00,68.399,2026-05-31 20:35:00,69.694,TP,1.7923558823959442,39 bars
1014,LONG,2026-05-31 07:35:00,68.917,2026-05-31 20:55:00,70.279,TP,1.8753021750801613,161 bars
1015,LONG,2026-05-31 07:10:00,69.068,2026-05-31 21:05:00,70.426,TP,1.8651951699774194,168 bars
1016,LONG,2026-05-31 07:15:00,69.181,2026-05-31 21:05:00,70.567,TP,1.9024385308104765,167 bars
1017,LONG,2026-05-31 07:25:00,69.174,2026-05-31 21:05:00,70.52,TP,1.8448448839159064,165 bars
1018,LONG,2026-05-31 07:40:00,69.219,2026-05-31 21:05:00,70.595,TP,1.8868995507014041,162 bars
1019,LONG,2026-05-31 07:55:00,69.17,2026-05-31 21:05:00,70.589,TP,1.9504416654619008,159 bars
1020,LONG,2026-05-31 08:00:00,69.223,2026-05-31 21:05:00,70.64,TP,1.945983993759302,158 bars
1021,LONG,2026-06-03 02:15:00,69.228,2026-06-03 04:00:00,71.266,TP,2.8424235858323383,22 bars
1022,LONG,2026-06-03 02:20:00,69.636,2026-06-03 04:05:00,71.685,TP,2.8409723418921344,22 bars
1023,LONG,2026-06-03 02:30:00,69.45,2026-06-03 04:05:00,71.501,TP,2.851727141828656,20 bars
1024,LONG,2026-06-03 02:35:00,69.495,2026-06-03 04:05:00,71.474,TP,2.74626304050651,19 bars
1025,LONG,2026-06-03 10:20:00,72.478,2026-06-03 18:45:00,74.297,TP,2.4084722260548066,102 bars
1026,LONG,2026-06-03 10:30:00,72.554,2026-06-03 18:45:00,74.341,TP,2.361761584475001,100 bars
1027,LONG,2026-06-03 12:05:00,72.545,2026-06-03 18:45:00,74.134,TP,2.08926941898132,81 bars
1028,LONG,2026-06-03 12:10:00,72.7,2026-06-03 18:45:00,74.273,TP,2.0626045392021912,80 bars
1029,LONG,2026-06-03 12:15:00,72.632,2026-06-03 18:45:00,74.214,TP,2.077014263685419,79 bars
1030,LONG,2026-06-03 12:20:00,72.718,2026-06-03 18:45:00,74.317,TP,2.0978059077532243,78 bars
1031,LONG,2026-06-03 12:25:00,72.625,2026-06-03 18:45:00,74.202,TP,2.0703428571428546,77 bars
1032,LONG,2026-06-03 13:45:00,72.407,2026-06-03 18:50:00,74.441,TP,2.7077161047965057,62 bars
1033,LONG,2026-06-03 10:15:00,72.69,2026-06-03 18:55:00,74.508,TP,2.3997812628972324,105 bars
1034,LONG,2026-06-03 10:25:00,72.674,2026-06-03 18:55:00,74.498,TP,2.4085835374411726,103 bars
1035,LONG,2026-06-03 13:55:00,72.906,2026-06-03 21:45:00,74.976,TP,2.737852851617141,95 bars
1036,LONG,2026-06-03 14:00:00,72.802,2026-06-03 21:45:00,74.894,TP,2.7721106563006495,94 bars
1037,LONG,2026-06-08 05:15:00,60.74,2026-06-08 06:05:00,62.311,TP,2.4851407639117515,11 bars
1038,LONG,2026-06-08 21:00:00,63.949,2026-06-09 00:45:00,62.342,SL,-2.6116835290622205,46 bars
1039,LONG,2026-06-08 21:05:00,63.773,2026-06-09 00:45:00,62.174,SL,-2.606077023191639,45 bars
1040,LONG,2026-06-09 12:05:00,62.022,2026-06-09 14:00:00,60.283,SL,-2.9024418754635404,24 bars
1041,LONG,2026-06-09 12:10:00,62.213,2026-06-09 14:00:00,60.447,SL,-2.937215694468999,23 bars
1042,LONG,2026-06-10 08:40:00,55.515,2026-06-10 13:35:00,56.794,TP,2.2027298928217536,60 bars
1043,LONG,2026-06-10 09:30:00,55.849,2026-06-10 13:35:00,57.109,TP,2.154955325968245,50 bars
1044,LONG,2026-06-10 09:35:00,55.933,2026-06-10 13:35:00,57.201,TP,2.16586451647507,49 bars
1045,LONG,2026-06-10 09:40:00,55.815,2026-06-10 13:35:00,57.088,TP,2.179608528173436,48 bars
1046,LONG,2026-06-10 09:55:00,55.932,2026-06-10 13:35:00,57.184,TP,2.137313165987262,45 bars
1047,LONG,2026-06-11 01:00:00,53.262,2026-06-11 01:55:00,54.596,TP,2.4033476024182274,12 bars
1048,LONG,2026-06-11 17:25:00,56.144,2026-06-11 17:30:00,57.44,TP,2.207195782274151,2 bars
1049,LONG,2026-06-12 05:05:00,58.615,2026-06-12 06:30:00,57.23,SL,-2.461694958628346,18 bars
1050,LONG,2026-06-12 05:10:00,58.52,2026-06-12 06:30:00,57.167,SL,-2.4108740601503786,17 bars
1051,LONG,2026-06-14 16:45:00,60.151,2026-06-14 21:15:00,61.074,TP,1.4337043440674215,55 bars
1052,LONG,2026-06-14 16:55:00,60.007,2026-06-14 21:15:00,60.957,TP,1.4823570583431982,53 bars
1053,LONG,2026-06-14 17:05:00,60.151,2026-06-14 21:15:00,61.1,TP,1.4769072833369323,51 bars
1054,LONG,2026-06-14 17:10:00,59.984,2026-06-14 21:15:00,60.937,TP,1.4879626233662242,50 bars
1055,LONG,2026-06-14 17:15:00,60.044,2026-06-14 21:15:00,60.978,TP,1.454748184664587,49 bars
1056,LONG,2026-06-14 17:20:00,60.18,2026-06-14 21:15:00,61.117,TP,1.4562171817879654,48 bars
1057,LONG,2026-06-14 17:25:00,60.144,2026-06-14 21:15:00,61.048,TP,1.4023077946262361,47 bars
1058,LONG,2026-06-14 17:30:00,60.228,2026-06-14 21:15:00,61.116,TP,1.3736600916517203,46 bars
1059,LONG,2026-06-14 17:35:00,60.252,2026-06-14 21:15:00,61.135,TP,1.364778762530697,45 bars
1060,LONG,2026-06-14 17:40:00,59.968,2026-06-14 21:15:00,60.904,TP,1.460052027748132,44 bars
1061,LONG,2026-06-14 14:10:00,60.807,2026-06-14 21:25:00,61.861,TP,1.6324863913694063,88 bars
1062,LONG,2026-06-14 14:05:00,60.933,2026-06-14 21:30:00,62.001,TP,1.6518684456698303,90 bars
1063,LONG,2026-06-15 06:35:00,64.452,2026-06-15 07:15:00,65.555,TP,1.6104954074350037,9 bars
1064,LONG,2026-06-15 06:30:00,64.604,2026-06-15 07:20:00,65.711,TP,1.612659432852454,11 bars
1065,LONG,2026-06-15 06:40:00,64.601,2026-06-15 07:20:00,65.679,TP,1.5678704664014536,9 bars
1066,LONG,2026-06-15 06:25:00,64.771,2026-06-15 08:35:00,65.87,TP,1.5958986274721767,27 bars
1067,LONG,2026-06-15 06:45:00,64.774,2026-06-15 08:35:00,65.843,TP,1.5495283601445065,23 bars
1068,LONG,2026-06-15 07:55:00,65.229,2026-06-15 09:50:00,66.438,TP,1.752543347284188,24 bars
1069,LONG,2026-06-15 08:05:00,65.53,2026-06-15 10:05:00,66.753,TP,1.765387608728825,25 bars
1070,LONG,2026-06-16 23:35:00,73.473,2026-06-17 02:50:00,74.925,TP,1.8752480503041906,40 bars
1071,LONG,2026-06-16 23:50:00,73.596,2026-06-17 03:30:00,75.063,TP,1.8923181966411202,45 bars
1072,LONG,2026-06-17 00:00:00,73.651,2026-06-17 04:05:00,75.141,TP,1.9220431494480852,50 bars
1073,LONG,2026-06-16 23:40:00,73.647,2026-06-17 04:10:00,75.202,TP,2.010367699974191,55 bars
1074,LONG,2026-06-16 23:45:00,73.66,2026-06-17 04:10:00,75.183,TP,1.9665741243551595,54 bars
1075,LONG,2026-06-21 14:25:00,67.795,2026-06-21 15:05:00,68.785,TP,1.3595545394203035,9 bars
1076,LONG,2026-06-21 14:30:00,67.82,2026-06-21 15:05:00,68.785,TP,1.3221726629312938,8 bars
1077,LONG,2026-06-21 14:35:00,67.842,2026-06-21 20:05:00,68.806,TP,1.3202382005247466,67 bars
1078,LONG,2026-06-21 14:40:00,67.911,2026-06-21 20:05:00,68.864,TP,1.3026056161741146,66 bars
1079,LONG,2026-06-23 23:50:00,62.225,2026-06-24 03:10:00,60.764,SL,-2.4467569304941716,41 bars
1080,LONG,2026-06-25 03:30:00,63.01,2026-06-25 06:10:00,64.073,TP,1.5861902872559837,33 bars
1081,LONG,2026-06-25 03:35:00,63.065,2026-06-25 06:15:00,64.113,TP,1.5609466423531309,33 bars
1082,LONG,2026-06-26 00:40:00,63.775,2026-06-26 02:20:00,61.634,SL,-3.4554362994903927,21 bars
1083,LONG,2026-06-26 00:45:00,63.798,2026-06-26 02:20:00,61.694,SL,-3.396260070848615,20 bars
1084,LONG,2026-06-26 00:50:00,63.954,2026-06-26 02:20:00,61.871,SL,-3.355399974982016,19 bars
1085,LONG,2026-06-26 01:00:00,63.531,2026-06-26 02:50:00,61.483,SL,-3.3220113015693156,23 bars
1086,LONG,2026-06-28 15:05:00,62.913,2026-06-28 19:45:00,61.632,SL,-2.135127080253682,57 bars
1087,LONG,2026-06-28 15:30:00,63.035,2026-06-28 19:45:00,61.666,SL,-2.270723407630681,52 bars
1088,LONG,2026-06-28 15:35:00,63.18,2026-06-28 19:45:00,61.779,SL,-2.3163651471984745,51 bars
1089,LONG,2026-06-28 15:45:00,63.068,2026-06-28 19:45:00,61.667,SL,-2.320301103570743,49 bars
1090,LONG,2026-06-28 16:00:00,63.115,2026-06-28 19:45:00,61.641,SL,-2.434251762655476,46 bars
1091,LONG,2026-06-28 16:05:00,63.185,2026-06-28 19:45:00,61.728,SL,-2.4047740761256633,45 bars
1092,LONG,2026-06-28 15:20:00,62.978,2026-06-28 21:30:00,61.576,SL,-2.3250611324589556,75 bars
1093,LONG,2026-06-28 15:25:00,62.969,2026-06-28 21:30:00,61.591,SL,-2.287284219218981,74 bars
1094,LONG,2026-06-28 16:15:00,62.98,2026-06-28 21:40:00,61.55,SL,-2.3694268021594156,66 bars
1095,LONG,2026-06-28 15:00:00,62.702,2026-06-28 21:45:00,61.428,SL,-2.1308171988134363,82 bars
1096,LONG,2026-06-28 15:10:00,62.703,2026-06-28 21:45:00,61.367,SL,-2.2296142130360677,80 bars
1097,LONG,2026-06-28 15:15:00,62.917,2026-06-28 21:45:00,61.521,SL,-2.317686793712352,79 bars
1098,LONG,2026-06-29 09:00:00,62.378,2026-06-29 10:15:00,63.191,TP,1.2026924556734784,16 bars
1099,LONG,2026-06-29 09:05:00,62.468,2026-06-29 10:15:00,63.287,TP,1.2104157328552145,15 bars
1100,LONG,2026-06-29 09:10:00,62.502,2026-06-29 10:15:00,63.296,TP,1.1697241688265927,14 bars
1101,LONG,2026-06-29 09:15:00,62.563,2026-06-29 10:15:00,63.347,TP,1.1525102696481928,13 bars
1102,LONG,2026-06-29 09:25:00,62.474,2026-06-29 10:15:00,63.313,TP,1.2422871914716618,11 bars
1103,LONG,2026-06-29 09:30:00,62.471,2026-06-29 10:15:00,63.336,TP,1.283950152870935,10 bars
1104,LONG,2026-06-29 09:35:00,62.512,2026-06-29 10:15:00,63.349,TP,1.2382734514973064,9 bars
1105,LONG,2026-06-29 09:50:00,62.534,2026-06-29 10:15:00,63.372,TP,1.2394009658745657,6 bars
1106,LONG,2026-06-29 09:20:00,62.657,2026-06-29 10:25:00,63.46,TP,1.1809398790238992,14 bars
1107,LONG,2026-06-29 10:00:00,62.592,2026-06-29 10:25:00,63.417,TP,1.2174007860429492,6 bars
1108,LONG,2026-06-29 14:50:00,63.713,2026-06-29 17:10:00,65.802,TP,3.1771263321457246,29 bars
1109,LONG,2026-06-29 15:15:00,63.819,2026-06-29 17:15:00,65.888,TP,3.140360237546816,25 bars
1110,LONG,2026-06-29 15:20:00,64.208,2026-06-29 17:15:00,66.263,TP,3.098935490904571,24 bars
1111,LONG,2026-06-30 00:05:00,66.752,2026-06-30 08:50:00,65.109,SL,-2.5601187979386397,106 bars
1112,LONG,2026-06-30 00:15:00,66.76,2026-06-30 08:50:00,65.117,SL,-2.5598239964050338,104 bars
1113,LONG,2026-06-30 00:20:00,66.668,2026-06-30 08:50:00,65.022,SL,-2.5677161456770876,103 bars
1114,LONG,2026-06-30 00:10:00,66.505,2026-06-30 12:25:00,64.855,SL,-2.5797759566949727,148 bars
1115,LONG,2026-06-30 00:25:00,66.514,2026-06-30 12:25:00,64.852,SL,-2.59747271251164,145 bars
1116,LONG,2026-06-30 04:05:00,65.965,2026-06-30 12:45:00,64.471,SL,-2.3637049950731446,105 bars
1117,LONG,2026-06-30 04:30:00,66.224,2026-06-30 12:45:00,64.56,SL,-2.61142788113071,100 bars
1118,LONG,2026-06-30 05:45:00,65.957,2026-06-30 12:45:00,64.481,SL,-2.336702700244097,85 bars
1119,LONG,2026-06-30 00:30:00,66.12,2026-06-30 16:20:00,64.371,SL,-2.743867967332138,191 bars
1120,LONG,2026-06-30 04:15:00,66.066,2026-06-30 16:20:00,64.38,SL,-2.6507174643538383,146 bars
1121,LONG,2026-06-30 04:20:00,65.987,2026-06-30 16:20:00,64.314,SL,-2.6340801976146846,145 bars
1122,LONG,2026-06-30 04:25:00,66.067,2026-06-30 16:20:00,64.362,SL,-2.6794231613362163,144 bars
1123,LONG,2026-07-02 08:00:00,63.148,2026-07-02 09:35:00,64.085,TP,1.3830738899094042,20 bars
1124,LONG,2026-07-02 16:00:00,65.399,2026-07-02 18:20:00,66.845,TP,2.1099374608174406,29 bars
1125,LONG,2026-07-02 16:05:00,65.463,2026-07-02 18:20:00,66.912,TP,2.112357362174071,28 bars
1126,LONG,2026-07-02 16:40:00,65.215,2026-07-02 18:20:00,66.615,TP,2.0456720079736126,21 bars
1127,LONG,2026-07-02 16:45:00,65.453,2026-07-02 18:20:00,66.849,TP,2.0317617221517743,20 bars
1128,LONG,2026-07-02 16:50:00,65.626,2026-07-02 18:20:00,67.02,TP,2.0230960290128777,19 bars
1129,LONG,2026-07-02 16:55:00,65.613,2026-07-02 18:20:00,66.985,TP,1.9900035054028926,18 bars
1130,LONG,2026-07-02 17:00:00,65.662,2026-07-02 18:20:00,66.999,TP,1.9351672200054657,17 bars
1131,LONG,2026-07-02 17:05:00,65.61,2026-07-02 18:20:00,66.928,TP,1.9078356957780798,16 bars
1132,LONG,2026-07-02 16:15:00,65.69,2026-07-02 18:30:00,67.138,TP,2.103190744405553,28 bars
1133,LONG,2026-07-02 21:30:00,65.838,2026-07-02 23:30:00,66.774,TP,1.3209605395060715,25 bars
1134,LONG,2026-07-02 21:25:00,66.071,2026-07-02 23:45:00,66.985,TP,1.2826686443371549,29 bars
1135,LONG,2026-07-03 17:25:00,70.133,2026-07-04 00:40:00,71.377,TP,1.6728858026891762,88 bars
1136,LONG,2026-07-03 17:40:00,70.101,2026-07-04 00:40:00,71.28,TP,1.581018102452179,85 bars
1137,LONG,2026-07-03 17:20:00,70.252,2026-07-04 03:30:00,71.51,TP,1.6898010021067156,123 bars
1138,LONG,2026-07-03 17:30:00,70.276,2026-07-04 03:30:00,71.502,TP,1.6436777847344743,121 bars
1139,LONG,2026-07-04 08:30:00,71.208,2026-07-04 17:00:00,70.056,SL,-1.716986855409506,103 bars
1140,LONG,2026-07-04 08:35:00,71.293,2026-07-04 17:00:00,70.175,SL,-1.6673923106055422,102 bars
1141,LONG,2026-07-04 08:40:00,71.338,2026-07-04 17:00:00,70.209,SL,-1.6818154419804185,101 bars
1142,LONG,2026-07-04 08:45:00,71.203,2026-07-04 17:00:00,70.044,SL,-1.7269265339943625,100 bars
1143,LONG,2026-07-04 06:50:00,71.266,2026-07-04 18:20:00,69.873,SL,-2.0536714562343903,139 bars
1144,LONG,2026-07-04 06:55:00,71.319,2026-07-04 18:20:00,69.984,SL,-1.9709355150801442,138 bars
1145,LONG,2026-07-04 08:50:00,71.163,2026-07-04 18:20:00,70.009,SL,-1.7208184028216862,115 bars
1146,LONG,2026-07-04 09:05:00,70.88,2026-07-04 18:20:00,69.737,SL,-1.7117783577878118,112 bars
1147,LONG,2026-07-04 09:15:00,71.19,2026-07-04 18:20:00,69.98,SL,-1.7988270824553922,110 bars
1148,LONG,2026-07-04 09:20:00,71.211,2026-07-04 18:20:00,70.032,SL,-1.7548152673042117,109 bars
1149,LONG,2026-07-04 09:25:00,71.117,2026-07-04 18:20:00,69.97,SL,-1.712028769492534,108 bars
1150,LONG,2026-07-04 09:30:00,70.995,2026-07-04 18:20:00,69.869,SL,-1.6852341714205292,107 bars
1151,LONG,2026-07-05 17:15:00,69.201,2026-07-05 19:35:00,69.887,TP,0.8908194968280906,29 bars
1152,LONG,2026-07-05 17:45:00,69.164,2026-07-05 19:35:00,69.892,TP,0.9520444161702538,23 bars
1153,LONG,2026-07-05 17:55:00,69.192,2026-07-05 19:45:00,69.92,TP,0.9516186842409652,23 bars
1154,LONG,2026-07-05 18:10:00,69.286,2026-07-05 19:45:00,69.964,TP,0.8780633894293179,20 bars
1155,LONG,2026-07-05 18:15:00,69.284,2026-07-05 19:45:00,69.934,TP,0.837698458518549,19 bars
1156,LONG,2026-07-05 17:40:00,69.287,2026-07-05 20:00:00,70.014,TP,0.9487342502922478,29 bars
1157,LONG,2026-07-05 17:50:00,69.273,2026-07-05 20:00:00,70.004,TP,0.9547175667287525,27 bars
1158,LONG,2026-07-05 18:00:00,69.262,2026-07-05 20:00:00,69.977,TP,0.9317959342785416,25 bars
1159,LONG,2026-07-05 18:05:00,69.314,2026-07-05 20:00:00,70.006,TP,0.8978561329601629,24 bars
1160,LONG,2026-07-05 17:25:00,69.504,2026-07-05 20:05:00,70.228,TP,0.9411458333333181,33 bars
1161,LONG,2026-07-05 17:30:00,69.338,2026-07-05 20:05:00,70.08,TP,0.969585220225568,32 bars
1162,LONG,2026-07-05 17:35:00,69.327,2026-07-05 20:05:00,70.075,TP,0.9784052389401021,31 bars
1163,LONG,2026-07-06 23:15:00,70.986,2026-07-07 00:50:00,71.832,TP,1.091188403347124,20 bars
1164,LONG,2026-07-07 14:35:00,71.48,2026-07-07 19:20:00,69.376,SL,-3.0420089535534407,58 bars
1165,LONG,2026-07-07 14:55:00,71.782,2026-07-07 19:20:00,69.463,SL,-3.3289996099300696,54 bars
1166,LONG,2026-07-07 14:50:00,71.503,2026-07-07 21:20:00,69.226,SL,-3.2828895291106686,79 bars
1167,LONG,2026-07-09 17:30:00,67.228,2026-07-10 02:10:00,68.154,TP,1.2767135717260694,105 bars
1168,LONG,2026-07-09 17:05:00,67.227,2026-07-10 02:40:00,68.225,TP,1.3837803263569555,116 bars
1169,LONG,2026-07-09 17:15:00,67.221,2026-07-10 02:40:00,68.201,TP,1.3571488076642562,114 bars
1170,LONG,2026-07-09 17:00:00,67.207,2026-07-10 02:45:00,68.231,TP,1.4228889847783726,118 bars
1171,LONG,2026-07-09 17:10:00,67.286,2026-07-10 02:45:00,68.276,TP,1.3705956662604328,116 bars
1172,LONG,2026-07-09 17:25:00,67.287,2026-07-10 02:45:00,68.247,TP,1.3260109679432786,113 bars
1173,LONG,2026-07-09 16:55:00,67.3,2026-07-10 02:55:00,68.358,TP,1.4712793462110059,121 bars
1174,LONG,2026-07-09 17:20:00,67.336,2026-07-10 02:55:00,68.307,TP,1.3413010870856652,116 bars
1175,LONG,2026-07-09 16:45:00,67.333,2026-07-10 03:45:00,68.396,TP,1.4779313263927085,133 bars
1176,LONG,2026-07-09 16:35:00,67.398,2026-07-10 03:55:00,68.461,TP,1.4764095373750001,137 bars
1177,LONG,2026-07-09 16:30:00,67.477,2026-07-10 08:15:00,68.558,TP,1.5012263437912223,190 bars
1178,LONG,2026-07-09 16:40:00,67.515,2026-07-10 08:15:00,68.58,TP,1.4766385247722693,188 bars
1179,LONG,2026-07-10 06:05:00,67.967,2026-07-10 08:15:00,68.635,TP,0.8823384877955573,27 bars
1180,LONG,2026-07-10 18:05:00,67.803,2026-07-10 20:25:00,66.721,SL,-1.6950016960901344,29 bars
1181,LONG,2026-07-10 17:55:00,67.614,2026-07-11 04:40:00,66.564,SL,-1.6521563581506953,130 bars
1182,LONG,2026-07-10 17:50:00,67.59,2026-07-11 04:55:00,66.518,SL,-1.6852404201805042,134 bars
1183,LONG,2026-07-10 18:00:00,67.57,2026-07-11 04:55:00,66.524,SL,-1.647250258990665,132 bars
1184,LONG,2026-07-10 17:45:00,67.546,2026-07-11 05:15:00,66.462,SL,-1.7040298463269519,139 bars
1185,LONG,2026-07-12 11:10:00,66.829,2026-07-12 14:55:00,67.391,TP,0.7405318050547096,46 bars
1186,LONG,2026-07-12 11:25:00,66.845,2026-07-12 14:55:00,67.447,TP,0.8001406238312574,43 bars
1187,LONG,2026-07-12 11:30:00,66.873,2026-07-12 14:55:00,67.451,TP,0.7638927519327513,42 bars
1188,LONG,2026-07-12 03:55:00,67.21,2026-07-12 15:00:00,67.812,TP,0.7952521946139027,134 bars
1189,LONG,2026-07-12 04:05:00,67.227,2026-07-12 15:00:00,67.809,TP,0.765290731402552,132 bars
1190,LONG,2026-07-12 04:45:00,67.157,2026-07-12 15:00:00,67.745,TP,0.7751224742022546,124 bars
1191,LONG,2026-07-12 05:00:00,67.118,2026-07-12 15:00:00,67.705,TP,0.774141809946666,121 bars
1192,LONG,2026-07-12 05:05:00,67.183,2026-07-12 15:00:00,67.762,TP,0.7613942515219527,120 bars
1193,LONG,2026-07-12 05:35:00,67.044,2026-07-12 15:00:00,67.611,TP,0.745290406300351,114 bars
1194,LONG,2026-07-12 05:40:00,67.187,2026-07-12 15:00:00,67.766,TP,0.7613429681337279,113 bars
1195,LONG,2026-07-12 12:15:00,66.98,2026-07-12 15:00:00,67.648,TP,0.8968139743206809,34 bars
1196,LONG,2026-07-12 04:00:00,67.242,2026-07-12 15:20:00,67.834,TP,0.779961928556555,137 bars
1197,LONG,2026-07-12 21:25:00,67.738,2026-07-12 22:45:00,67.014,SL,-1.168289586347403,17 bars
1198,LONG,2026-07-12 21:30:00,67.746,2026-07-12 22:45:00,67.05,SL,-1.1268532459480973,16 bars
1199,LONG,2026-07-14 10:05:00,63.713,2026-07-14 12:30:00,64.412,TP,0.9965587870607336,30 bars
1200,LONG,2026-07-14 10:10:00,63.771,2026-07-14 12:30:00,64.452,TP,0.9673495789622202,29 bars
1201,LONG,2026-07-14 12:20:00,63.909,2026-07-14 12:30:00,64.517,TP,0.8508770282745732,3 bars
1202,LONG,2026-07-17 19:45:00,60.183,2026-07-18 05:55:00,58.817,SL,-2.3686090756525924,123 bars
1203,LONG,2026-07-21 02:20:00,62.256,2026-07-21 04:50:00,62.835,TP,0.8295658249807257,31 bars
1204,LONG,2026-07-21 02:25:00,62.495,2026-07-21 05:20:00,63.114,TP,0.8899839987198972,36 bars
1205,LONG,2026-07-21 02:30:00,62.4,2026-07-21 05:20:00,63.009,TP,0.8754735576923106,35 bars
1206,LONG,2026-07-21 02:35:00,62.43,2026-07-21 05:20:00,63.018,TP,0.8413839500240285,34 bars
1207,LONG,2026-07-21 02:40:00,62.427,2026-07-21 05:20:00,63.0,TP,0.8174131385458222,33 bars
1208,LONG,2026-07-22 11:35:00,58.841,2026-07-22 16:00:00,57.98,SL,-1.5625337774680992,54 bars
1209,LONG,2026-07-24 11:35:00,58.301,2026-07-24 14:55:00,58.92,TP,0.9612004939880958,41 bars
1210,LONG,2026-07-24 11:40:00,58.51,2026-07-24 15:15:00,59.163,TP,1.0154905144419735,44 bars
1211,LONG,2026-07-24 11:45:00,58.414,2026-07-24 15:15:00,59.057,TP,1.00021313383778,43 bars
1212,LONG,2026-07-25 01:35:00,57.318,2026-07-25 17:20:00,58.002,TP,1.092745734324304,190 bars
1213,LONG,2026-07-25 22:35:00,58.0,2026-07-26 02:10:00,58.432,TP,0.6444551724137968,44 bars
1214,LONG,2026-07-25 22:15:00,58.092,2026-07-26 02:15:00,58.546,TP,0.6811282104248445,49 bars
1215,LONG,2026-07-25 22:20:00,58.118,2026-07-26 02:15:00,58.565,TP,0.6687403214150446,48 bars
1216,LONG,2026-07-25 22:25:00,58.103,2026-07-26 02:15:00,58.532,TP,0.6379748033664269,47 bars
1217,LONG,2026-07-25 22:30:00,58.12,2026-07-26 02:15:00,58.533,TP,0.6102434618031725,46 bars
1218,LONG,2026-07-25 22:40:00,58.142,2026-07-26 02:15:00,58.589,TP,0.6684229988648405,44 bars
1219,LONG,2026-07-25 22:45:00,58.107,2026-07-26 02:15:00,58.539,TP,0.6430843099798685,43 bars
1220,LONG,2026-07-26 02:55:00,58.46,2026-07-26 14:05:00,58.948,TP,0.7343414300376317,135 bars
1221,LONG,2026-07-26 13:40:00,58.572,2026-07-26 14:05:00,58.963,TP,0.5672206856518442,6 bars
1222,LONG,2026-07-26 19:00:00,59.018,2026-07-26 22:00:00,59.506,TP,0.7264529465586763,37 bars
1223,LONG,2026-07-26 19:05:00,59.017,2026-07-26 22:00:00,59.5,TP,0.7179990511208583,36 bars
1224,LONG,2026-07-26 19:10:00,58.947,2026-07-26 22:00:00,59.424,TP,0.7087968853376707,35 bars
1225,LONG,2026-07-26 19:15:00,58.926,2026-07-26 22:00:00,59.389,TP,0.6853383905237093,34 bars
1226,LONG,2026-07-26 19:25:00,58.917,2026-07-26 22:00:00,59.357,TP,0.6464399069877925,32 bars
1227,LONG,2026-07-27 08:10:00,59.789,2026-07-27 10:50:00,60.375,TP,0.8796233420863344,33 bars
1228,LONG,2026-07-27 08:05:00,59.91,2026-07-27 14:05:00,59.167,SL,-1.3395735269570939,73 bars
1229,LONG,2026-08-03 08:35:00,52.196,2026-08-03 09:30:00,52.838,TP,1.1293643191049183,12 bars
1230,LONG,2026-08-03 08:45:00,52.273,2026-08-03 09:35:00,52.896,TP,1.0912239588315145,11 bars
1231,LONG,2026-08-03 08:40:00,52.293,2026-08-03 11:20:00,52.937,TP,1.1309066223012607,33 bars
1232,LONG,2026-08-04 09:55:00,54.663,2026-08-04 10:45:00,55.204,TP,0.8892056784296579,11 bars
1233,LONG,2026-08-04 10:05:00,54.698,2026-08-04 10:50:00,55.247,TP,0.903191158726095,10 bars
1234,LONG,2026-08-04 10:00:00,54.79,2026-08-04 11:00:00,55.341,TP,0.905155137798872,13 bars
1235,LONG,2026-08-04 15:20:00,55.11,2026-08-05 02:15:00,55.925,TP,1.378121030665937,132 bars
1236,LONG,2026-08-04 15:40:00,55.206,2026-08-05 02:15:00,56.038,TP,1.4063290222077194,128 bars
1237,LONG,2026-08-04 15:30:00,55.259,2026-08-05 02:45:00,56.07,TP,1.366900414412132,136 bars
1238,LONG,2026-08-04 15:00:00,55.431,2026-08-05 02:50:00,56.218,TP,1.3190732622539842,143 bars
1239,LONG,2026-08-04 15:10:00,55.423,2026-08-05 02:50:00,56.208,TP,1.3156712917019948,141 bars
1240,LONG,2026-08-04 15:15:00,55.325,2026-08-05 02:50:00,56.102,TP,1.303726163578841,140 bars
1241,LONG,2026-08-04 15:25:00,55.283,2026-08-05 02:50:00,56.099,TP,1.3753034386701073,138 bars
1242,LONG,2026-08-04 14:45:00,55.393,2026-08-05 02:55:00,56.247,TP,1.4409401909988613,147 bars
1243,LONG,2026-08-04 14:50:00,55.427,2026-08-05 02:55:00,56.267,TP,1.414749129485636,146 bars
1244,LONG,2026-08-04 14:55:00,55.425,2026-08-05 02:55:00,56.229,TP,1.3498836265223313,145 bars
1245,LONG,2026-08-04 15:05:00,55.513,2026-08-05 02:55:00,56.292,TP,1.3025732711256883,143 bars
1246,LONG,2026-08-04 15:45:00,55.408,2026-08-05 02:55:00,56.249,TP,1.4170724444123612,135 bars
1247,LONG,2026-08-10 16:20:00,54.287,2026-08-10 17:10:00,54.983,TP,1.1814338607769779,11 bars
1248,LONG,2026-08-10 16:25:00,54.383,2026-08-10 17:10:00,55.087,TP,1.1938749241490918,10 bars
1249,LONG,2026-08-10 15:05:00,54.456,2026-08-10 17:30:00,55.271,TP,1.3958728147495185,30 bars
1250,LONG,2026-08-10 15:10:00,54.441,2026-08-10 17:30:00,55.247,TP,1.3797615767528102,29 bars
1251,LONG,2026-08-10 14:10:00,54.692,2026-08-10 18:25:00,55.463,TP,1.3090077159365185,52 bars
1252,LONG,2026-08-10 22:20:00,55.24,2026-08-11 14:00:00,54.428,SL,-1.5692143374366485,189 bars
1253,LONG,2026-08-12 05:50:00,54.523,2026-08-12 06:05:00,54.825,TP,0.4536177393026788,4 bars
1254,LONG,2026-08-12 05:45:00,54.539,2026-08-12 06:15:00,54.849,TP,0.4681163937732543,7 bars
1255,LONG,2026-08-12 01:40:00,54.467,2026-08-12 06:20:00,54.892,TP,0.6798988378284178,57 bars
1256,LONG,2026-08-12 05:40:00,54.575,2026-08-12 06:20:00,54.894,TP,0.48422446174987716,9 bars
1257,LONG,2026-08-12 05:55:00,54.613,2026-08-12 06:20:00,54.927,TP,0.47466720377932015,6 bars
1258,LONG,2026-08-12 01:10:00,54.508,2026-08-12 06:25:00,54.933,TP,0.6793122110515835,64 bars
1259,LONG,2026-08-12 05:35:00,54.598,2026-08-12 06:25:00,54.929,TP,0.5059461885050791,11 bars
1260,LONG,2026-08-12 15:15:00,55.93,2026-08-12 17:30:00,56.826,TP,1.5012015018773481,28 bars
1261,LONG,2026-08-12 23:10:00,56.019,2026-08-13 00:50:00,56.481,TP,0.7243078241311043,21 bars
1262,LONG,2026-08-12 23:20:00,56.051,2026-08-13 00:55:00,56.504,TP,0.7077884426682769,20 bars
1263,LONG,2026-08-12 23:55:00,56.064,2026-08-13 00:55:00,56.501,TP,0.6790765910388085,13 bars
1264,LONG,2026-08-12 23:05:00,56.065,2026-08-13 01:30:00,56.529,TP,0.7271970034781161,30 bars
1265,LONG,2026-08-12 23:15:00,56.089,2026-08-13 01:30:00,56.547,TP,0.7161511169748052,28 bars
1266,LONG,2026-08-12 23:30:00,56.063,2026-08-13 01:30:00,56.528,TP,0.7290093287908179,25 bars
1267,LONG,2026-08-12 22:55:00,56.087,2026-08-13 02:20:00,56.582,TP,0.7821161766541219,42 bars
1268,LONG,2026-08-12 23:00:00,56.119,2026-08-13 02:20:00,56.595,TP,0.7477734813521251,41 bars
1269,LONG,2026-08-12 23:40:00,56.086,2026-08-13 02:20:00,56.571,TP,0.7643110580180429,33 bars
1270,LONG,2026-08-12 23:45:00,56.09,2026-08-13 02:20:00,56.566,TP,0.7482118024603299,32 bars
1271,LONG,2026-08-12 20:50:00,56.247,2026-08-13 04:10:00,56.754,TP,0.800930716304866,89 bars
1272,LONG,2026-08-12 20:55:00,56.201,2026-08-13 04:10:00,56.694,TP,0.7767699862991798,88 bars
1273,LONG,2026-08-13 18:20:00,57.711,2026-08-14 03:40:00,56.705,SL,-1.8422969624508332,113 bars
1274,LONG,2026-08-13 19:40:00,57.64,2026-08-14 03:40:00,56.781,SL,-1.589539382373355,97 bars
1275,LONG,2026-08-13 18:25:00,57.607,2026-08-14 03:45:00,56.609,SL,-1.8315621365459018,113 bars
1276,LONG,2026-08-13 18:30:00,57.616,2026-08-14 03:45:00,56.652,SL,-1.7723097750624806,112 bars
1277,LONG,2026-08-13 18:45:00,57.676,2026-08-14 03:45:00,56.654,SL,-1.8710815590540233,109 bars
1278,LONG,2026-08-13 22:10:00,57.364,2026-08-14 03:45:00,56.623,SL,-1.3911050484624499,68 bars
1279,LONG,2026-08-15 22:35:00,57.002,2026-08-16 02:25:00,57.261,TP,0.3541428370934359,47 bars
1280,LONG,2026-08-15 22:30:00,57.013,2026-08-16 02:30:00,57.28,TP,0.36808008699770756,49 bars
1281,LONG,2026-08-15 22:00:00,57.021,2026-08-16 07:30:00,57.314,TP,0.4135888532295106,115 bars
1282,LONG,2026-08-15 22:10:00,57.048,2026-08-16 07:30:00,57.335,TP,0.4028335787407078,113 bars
1283,LONG,2026-08-15 22:25:00,57.048,2026-08-16 07:30:00,57.314,TP,0.3660408778572399,110 bars
1284,LONG,2026-08-15 22:50:00,57.032,2026-08-16 07:30:00,57.303,TP,0.3749342474400351,105 bars
1285,LONG,2026-08-15 22:05:00,57.062,2026-08-16 07:35:00,57.358,TP,0.4184746416178883,115 bars
1286,LONG,2026-08-15 22:15:00,57.092,2026-08-16 07:35:00,57.375,TP,0.3954433195544057,113 bars
1287,LONG,2026-08-15 22:20:00,57.08,2026-08-16 07:35:00,57.354,TP,0.37978801681850194,112 bars
1288,LONG,2026-08-15 20:35:00,57.048,2026-08-16 07:45:00,57.434,TP,0.5762848829056157,135 bars
1289,LONG,2026-08-16 20:45:00,57.66,2026-08-16 22:00:00,57.18,SL,-0.9320499479708583,16 bars
1290,LONG,2026-08-16 20:50:00,57.634,2026-08-16 22:50:00,57.148,SL,-0.942830620814098,25 bars
1291,LONG,2026-08-16 21:00:00,57.604,2026-08-16 23:20:00,57.115,SL,-0.9484749322963634,29 bars
1292,LONG,2026-08-17 10:10:00,59.22,2026-08-17 10:30:00,59.666,TP,0.6527473826409963,5 bars
1293,LONG,2026-08-17 10:15:00,59.192,2026-08-17 10:30:00,59.623,TP,0.6277748682254314,4 bars
1294,LONG,2026-08-17 10:20:00,59.196,2026-08-17 10:30:00,59.613,TP,0.604087269410098,3 bars
1295,LONG,2026-08-17 10:25:00,59.218,2026-08-17 10:30:00,59.63,TP,0.5953865378769951,2 bars
1296,LONG,2026-08-17 09:55:00,59.247,2026-08-17 10:35:00,59.726,TP,0.7080755143720343,9 bars
1297,LONG,2026-08-17 10:05:00,59.266,2026-08-17 10:35:00,59.724,TP,0.6724007019201539,7 bars
1298,LONG,2026-08-17 10:00:00,59.313,2026-08-17 10:40:00,59.789,TP,0.7021209515620506,9 bars
1299,LONG,2026-08-18 04:45:00,59.129,2026-08-18 06:25:00,59.629,TP,0.7451859493649479,21 bars
1300,LONG,2026-08-18 04:50:00,59.175,2026-08-18 06:25:00,59.668,TP,0.7327055344317738,20 bars
1301,LONG,2026-08-18 03:30:00,59.107,2026-08-18 06:30:00,59.722,TP,0.9399656555061194,37 bars
1302,LONG,2026-08-18 03:40:00,59.266,2026-08-18 06:30:00,59.919,TP,1.0012612627813562,35 bars
1303,LONG,2026-08-18 03:45:00,59.317,2026-08-18 06:30:00,59.956,TP,0.9767242105973043,34 bars
1304,LONG,2026-08-18 03:50:00,59.317,2026-08-18 06:30:00,59.935,TP,0.9413389079016168,33 bars
1305,LONG,2026-08-18 04:55:00,59.28,2026-08-18 06:30:00,59.776,TP,0.7362887989203817,20 bars
1306,LONG,2026-08-18 05:00:00,59.262,2026-08-18 06:30:00,59.771,TP,0.7584683270898727,19 bars
1307,LONG,2026-08-18 05:45:00,59.212,2026-08-18 06:30:00,59.86,TP,0.993825575896771,10 bars
1308,LONG,2026-08-18 05:50:00,59.2,2026-08-18 06:30:00,59.83,TP,0.9636570945945867,9 bars
1309,LONG,2026-08-18 05:55:00,59.202,2026-08-18 06:30:00,59.82,TP,0.9433617107530188,8 bars
1310,LONG,2026-08-18 06:10:00,59.154,2026-08-18 06:30:00,59.759,TP,0.9222427900057425,5 bars
1311,LONG,2026-08-18 15:20:00,59.354,2026-08-19 00:10:00,58.185,SL,-2.068553930653363,107 bars
1312,LONG,2026-08-18 15:15:00,59.248,2026-08-19 06:05:00,58.072,SL,-2.0838846880907287,179 bars
1313,LONG,2026-08-20 03:30:00,68.999,2026-08-20 04:40:00,70.496,TP,2.0685118624907606,15 bars
1314,LONG,2026-08-20 03:25:00,69.071,2026-08-20 04:45:00,70.59,TP,2.0980867513138732,17 bars
1315,LONG,2026-08-20 03:20:00,69.189,2026-08-20 04:50:00,70.732,TP,2.1290082238506214,19 bars
1316,LONG,2026-08-20 03:35:00,69.295,2026-08-20 04:55:00,70.832,TP,2.1169442239699716,17 bars
1317,LONG,2026-08-20 04:00:00,69.486,2026-08-20 04:55:00,70.834,TP,1.8389891488933008,12 bars
1318,LONG,2026-08-20 03:40:00,69.452,2026-08-20 05:00:00,70.964,TP,2.075954616137765,17 bars
1319,LONG,2026-08-20 03:45:00,69.482,2026-08-20 05:00:00,70.952,TP,2.014598025387868,16 bars
1320,LONG,2026-08-20 03:50:00,69.596,2026-08-20 05:00:00,71.018,TP,1.9421992643255312,15 bars
1321,LONG,2026-08-20 03:55:00,69.548,2026-08-20 05:00:00,70.942,TP,1.903368896301822,14 bars
1322,LONG,2026-08-20 04:05:00,69.628,2026-08-20 05:00:00,70.949,TP,1.7962766415809701,12 bars
1323,LONG,2026-08-20 13:50:00,71.627,2026-08-20 16:20:00,73.627,TP,2.6908470269591076,31 bars
1324,LONG,2026-08-20 13:55:00,71.59,2026-08-20 16:20:00,73.567,TP,2.6601780974996365,30 bars
1325,LONG,2026-08-20 14:00:00,71.878,2026-08-20 16:25:00,73.807,TP,2.58237221402933,30 bars
1326,LONG,2026-08-20 14:05:00,71.896,2026-08-20 16:25:00,73.772,TP,2.5080199176588476,29 bars
1327,LONG,2026-08-20 14:10:00,72.184,2026-08-20 16:30:00,74.052,TP,2.486537182755194,29 bars
1328,LONG,2026-08-21 01:00:00,73.428,2026-08-21 01:45:00,75.09,TP,2.162310017976802,10 bars
1329,LONG,2026-08-21 01:05:00,73.388,2026-08-21 01:45:00,74.993,TP,2.0859125470103965,9 bars
1330,LONG,2026-08-21 01:15:00,74.095,2026-08-21 03:05:00,71.866,SL,-3.10679600512855,23 bars
1331,LONG,2026-08-21 00:55:00,73.54,2026-08-21 03:15:00,71.24,SL,-3.225985858036458,29 bars
1332,LONG,2026-08-21 01:10:00,73.675,2026-08-21 03:15:00,71.524,SL,-3.0181194435018615,26 bars
1333,LONG,2026-08-21 00:50:00,73.423,2026-08-21 08:40:00,75.166,TP,2.2727285727905353,95 bars
1334,LONG,2026-08-22 23:40:00,78.949,2026-08-23 00:50:00,80.84,TP,2.2940195569291637,15 bars
1335,LONG,2026-08-22 23:45:00,79.064,2026-08-23 00:50:00,80.952,TP,2.286744915511491,14 bars
1336,LONG,2026-08-22 23:50:00,79.54,2026-08-23 13:15:00,81.487,TP,2.346601081216983,162 bars
1337,LONG,2026-08-25 09:30:00,81.738,2026-08-25 12:25:00,79.462,SL,-2.883114340943009,36 bars
1338,LONG,2026-08-26 08:35:00,81.952,2026-08-26 10:25:00,83.294,TP,1.5367251561889874,23 bars
1339,LONG,2026-08-26 08:40:00,82.047,2026-08-26 10:25:00,83.341,TP,1.4763562348410022,22 bars
1340,LONG,2026-08-26 09:20:00,81.654,2026-08-26 10:25:00,83.14,TP,1.7189641658706303,14 bars
1341,LONG,2026-08-26 09:30:00,81.592,2026-08-26 10:25:00,83.081,TP,1.7240213501323713,12 bars
1342,LONG,2026-08-26 09:35:00,81.732,2026-08-26 10:25:00,83.21,TP,1.7074450643566712,11 bars
1343,LONG,2026-08-26 09:40:00,81.631,2026-08-26 10:25:00,83.072,TP,1.664378116156855,10 bars
1344,LONG,2026-08-26 09:50:00,81.742,2026-08-26 10:25:00,83.168,TP,1.6436409679234691,8 bars
1345,LONG,2026-08-26 09:55:00,81.756,2026-08-26 10:25:00,83.167,TP,1.6250042810313632,7 bars
1346,LONG,2026-08-26 10:00:00,81.914,2026-08-26 10:25:00,83.324,TP,1.6204568205679084,6 bars
1347,LONG,2026-08-26 08:30:00,82.191,2026-08-26 10:35:00,83.53,TP,1.5283175773503164,26 bars
1348,LONG,2026-08-26 08:45:00,82.265,2026-08-26 10:35:00,83.566,TP,1.4806837658785654,23 bars
1349,LONG,2026-08-27 02:50:00,80.999,2026-08-27 09:05:00,82.481,TP,1.7287373918196514,76 bars
1350,LONG,2026-08-27 02:55:00,81.068,2026-08-27 09:05:00,82.492,TP,1.6556717817141247,75 bars
1351,LONG,2026-08-27 02:35:00,81.308,2026-08-27 09:20:00,82.824,TP,1.7635829192699255,82 bars
1352,LONG,2026-08-29 02:05:00,80.419,2026-08-29 03:20:00,81.277,TP,0.966378592123757,16 bars
1353,LONG,2026-08-29 02:40:00,80.471,2026-08-29 03:20:00,81.284,TP,0.909796696946729,9 bars
1354,LONG,2026-08-29 02:45:00,80.443,2026-08-29 03:20:00,81.239,TP,0.889025769799742,8 bars
1355,LONG,2026-08-29 12:10:00,81.034,2026-08-29 13:45:00,81.782,TP,0.8226077942591882,20 bars
1356,LONG,2026-08-29 12:50:00,81.3,2026-08-29 14:25:00,82.102,TP,0.8859766297663059,20 bars
1357,LONG,2026-08-31 14:35:00,80.917,2026-08-31 15:25:00,82.254,TP,1.5514842369341464,11 bars
1358,LONG,2026-08-31 14:40:00,81.197,2026-08-31 16:05:00,82.581,TP,1.6036442233087433,18 bars
1359,LONG,2026-08-31 23:05:00,84.191,2026-08-31 23:55:00,84.169,WINDOW_END,-0.12611799360977485,11 bars
1360,LONG,2026-08-31 23:10:00,84.211,2026-08-31 23:55:00,84.169,WINDOW_END,-0.14984978209497762,10 bars
1361,LONG,2026-08-31 23:15:00,84.124,2026-08-31 23:55:00,84.169,WINDOW_END,-0.04653428272549843,9 bars
1362,LONG,2026-08-31 23:20:00,84.263,2026-08-31 23:55:00,84.169,WINDOW_END,-0.21149970924368736,8 bars
1363,LONG,2026-08-31 23:25:00,84.331,2026-08-31 23:55:00,84.169,WINDOW_END,-0.2920041265963953,7 bars
1364,LONG,2026-08-31 23:30:00,84.287,2026-08-31 23:55:00,84.169,WINDOW_END,-0.23992786550714726,6 bars
1365,LONG,2026-08-31 23:35:00,84.225,2026-08-31 23:55:00,84.169,WINDOW_END,-0.16645532799049853,5 bars
1366,LONG,2026-08-31 23:40:00,84.186,2026-08-31 23:55:00,84.169,WINDOW_END,-0.12018328463166097,4 bars
1367,LONG,2026-08-31 23:45:00,84.136,2026-08-31 23:55:00,84.169,WINDOW_END,-0.060797399448510446,3 bars
1368,LONG,2026-08-31 23:50:00,84.071,2026-08-31 23:55:00,84.169,WINDOW_END,0.016509854765613566,2 bars
1369,LONG,2026-08-31 23:55:00,84.028,2026-08-31 23:55:00,84.169,WINDOW_END,0.06771730851619832,1 bars
